{"title":"Code for Figures 1-2 based on Cohen's d","markdown":{"yaml":{"title":"Code for Figures 1-2 based on Cohen's d","author":"Eduard Klapwijk"},"headingText":"load libraries","containsRefs":false,"markdown":"\n\nLoad libraries to produce figures:\n```{r setup}\n#| eval: TRUE\n#| echo: FALSE\n#| message: FALSE\n#| error: FALSE\n#| warning: FALSE\n#| results: FALSE\n#| include: FALSE\nlibrary(dplyr)\nlibrary(patchwork)\n# load devtools library and load neuro-up package from github repo\nlibrary(devtools)\ninstall_github(\"eduardklap/neuroUp\")\nlibrary(neuroUp)\n```\n\nSet seed and create Figure 1a for the Feedback task DLPFC ROI:\n```{r Figure 1a}\n#| label: fig-1a\n#| eval: TRUE\n#| echo: FALSE\n#| message: FALSE\n#| warning: FALSE\n# set seed\nset.seed(1234)\n\n# Estimate differences (unstandardized and Cohen's d)\nfeedback_fig <- estim_diff(data = feedback,\n                           vars_of_interest = c(\"mfg_learning\",\n                                                \"mfg_application\"),\n                           sample_size = 20:271, \n                           k = 1000, \n                           name = \"A. Feedback DLPFC\")\n\n# plot figure 1a\nfeedback_fig$fig_cohens_d\n```\n\nPlot Figure 2a for the Feedback task DLPFC ROI:\n```{r Figure 2a}\n#| label: fig-2a\n#| eval: TRUE\n#| echo: FALSE\n#| message: FALSE\n#| warning: FALSE\n# plot figure 2a\nfeedback_fig$fig_d_nozero\n```\n\nSet seed and create Figure 1b for the Gambling task NAcc ROI:\n```{r Figure 1b}\n#| label: fig-1b\n#| eval: TRUE\n#| echo: FALSE\n#| message: FALSE\n#| warning: FALSE\n# set seed\nset.seed(1234)\n\n# Estimate differences (unstandardized and Cohen's d)\ngambling_fig <- estim_diff(data = gambling, \n                           vars_of_interest = c(\"lnacc_self_win\", \n                                                \"lnacc_self_loss\"), \n                           sample_size = 20:221, \n                           k = 1000, \n                           name = \"B. Gambling NAcc\")\n# plot figure 1b\ngambling_fig$fig_cohens_d\n```\n\nPlot Figure 2b for the  Gambling task NAcc ROI:\n```{r Figure 2b}\n#| label: fig-2b\n#| eval: TRUE\n#| echo: FALSE\n#| message: FALSE\n#| warning: FALSE\n# plot figure 2b\ngambling_fig$fig_d_nozero\n```\n\nSet seed and create Figure 1c for the Self-evaluations task mPFC ROI:\n```{r Figure 1c}\n#| label: fig-1c\n#| eval: TRUE\n#| echo: FALSE\n#| message: FALSE\n#| warning: FALSE\n# set seed\nset.seed(1234)\n\n# Estimate differences (unstandardized and Cohen's d)\nselfeval_fig <- estim_diff(data = self_eval, \n                           vars_of_interest = c(\"mpfc_self\", \n                                                \"mpfc_control\"),\n                           sample_size = 20:149, \n                           k = 1000, \n                           name = \"C. Self-evaluations mPFC\")\n\n# plot figure 1c\nselfeval_fig$fig_cohens_d\n```\n\nPlot Figure 2c for the Self-evaluations task mPFC ROI:\n```{r Figure 2c}\n#| label: fig-2c\n#| eval: TRUE\n#| echo: FALSE\n#| message: FALSE\n#| warning: FALSE\n# plot figure 2c\nselfeval_fig$fig_d_nozero\n```\n\nSet seed and create Figure 1d for the Gaining for self task NAcc ROI:\n```{r Figure 1d}\n#| label: fig-1d\n#| eval: TRUE\n#| echo: FALSE\n#| message: FALSE\n#| warning: FALSE\n# set seed\nset.seed(1234)\n\n# Estimate differences (unstandardized and Cohen's d)\nvicar_char_fig <- estim_diff(data = vicar_char, \n                             vars_of_interest = c(\"nacc_selfgain\", \n                                                  \"nacc_bothnogain\"),\n                             sample_size = 20:156, \n                             k = 1000, \n                             name = \"D. Gaining self NAcc\")\n\n# plot figure 1d\nvicar_char_fig$fig_cohens_d\n```\n\nPlot Figure 2d for the Gaining for self task NAcc ROI:\n```{r Figure 2d}\n#| label: fig-2d\n#| eval: TRUE\n#| echo: FALSE\n#| message: FALSE\n#| warning: FALSE\n# plot figure 2d\nvicar_char_fig$fig_d_nozero\n```\n\nPlot Figure 1 (4 data sets combined):\n```{r Figure 1}\n#| label: fig-1\n#| eval: TRUE\n#| echo: FALSE\n#| message: FALSE\n#| warning: FALSE\n#| fig-height: 6\n#| fig-width: 10\n#| fig-cap: \"Estimates of task effects for five different sample sizes (starting with $N=20$, then 1/5th parts of the total dataset). For each sample size 10 randomly chosen HDCI’s out of the 1000 HDCI’s computed are displayed (in light blue, permutation numbers used are displayed to the right of each subfigure). The average estimate with credible interval summarizing the 1000 HDCI’s for each sample size are plotted in reddish purple. DLPFC = dorsolateral prefrontal cortex; mPFC = medial prefrontal cortex; NAcc = nucleus accumbens.\"\n# plot figure 1 using patchwork library\nfeedback_fig$fig_cohens_d + gambling_fig$fig_cohens_d + selfeval_fig$fig_cohens_d + vicar_char_fig$fig_cohens_d\n```\n\nPlot Figure 2 (4 data sets combined):\n```{r Figure 2}\n#| label: fig-2\n#| eval: TRUE\n#| echo: FALSE\n#| message: FALSE\n#| warning: FALSE\n#| fig-height: 6\n#| fig-width: 10\n#| fig-cap: \"For each task, for five different sample sizes (starting with $n=20$, then 1/5th parts of the total dataset), the proportion of intervals not containing the value 0 is plotted in reddish purple.\"\n# plot figure 2 using patchwork library\nfeedback_fig$fig_d_nozero + gambling_fig$fig_d_nozero + selfeval_fig$fig_d_nozero + vicar_char_fig$fig_d_nozero\n```\n\nExtract numbers to make table 2:\n```{r Results table Cohens d}\n#| label: data-summary-cohens\n#| eval: TRUE\n#| echo: FALSE\n#| message: FALSE\n#| warning: FALSE\n# first extract tibble from results (select mean only)\nfeedback_sum <- as_tibble(feedback_fig$tbl_select) %>%\n  dplyr::filter(permutation == \"Overall\")\ngambling_sum <- as_tibble(gambling_fig$tbl_select) %>%\n  dplyr::filter(permutation == \"Overall\")\nselfeval_sum <- as_tibble(selfeval_fig$tbl_select) %>%\n  dplyr::filter(permutation == \"Overall\")\ngaining_sum <- as_tibble(vicar_char_fig$tbl_select) %>%\n  dplyr::filter(permutation == \"Overall\")\n```\n\nUse numbers to produce a table in text:\n\n| task             | brain region | n = 20                                                                                                                             | n = 2/5                                                                                                                                                             | n = 3/5                                                                                                                                                             | n = 4/5                                                                                                                                                             | N = total                                                                                                                                                           |\n|-----------|-----------|-----------|-----------|-----------|-----------|-----------|\n| Feedback         | DLPFC        | **`r round(feedback_sum[[1,\"cohens_d\"]], 2)`** (`r round(feedback_sum[[1,\"d_lower\"]], 2)`, `r round(feedback_sum[[1,\"d_upper\"]], 2)`) | **`r round(feedback_sum[[2,\"cohens_d\"]], 2)`** (`r round(feedback_sum[[2,\"d_lower\"]], 2)`, `r round(feedback_sum[[2,\"d_upper\"]], 2)`), *n* = `r feedback_sum[[2,\"N\"]]` | **`r round(feedback_sum[[3,\"cohens_d\"]], 2)`** (`r round(feedback_sum[[3,\"d_lower\"]], 2)`, `r round(feedback_sum[[3,\"d_upper\"]], 2)`), *n* = `r feedback_sum[[3,\"N\"]]` | **`r round(feedback_sum[[4,\"cohens_d\"]], 2)`** (`r round(feedback_sum[[4,\"d_lower\"]], 2)`, `r round(feedback_sum[[4,\"d_upper\"]], 2)`), *n* = `r feedback_sum[[4,\"N\"]]` | **`r round(feedback_sum[[5,\"cohens_d\"]], 2)`** (`r round(feedback_sum[[5,\"d_lower\"]], 2)`, `r round(feedback_sum[[5,\"d_upper\"]], 2)`), *N* = `r feedback_sum[[5,\"N\"]]` |\n| Gambling         | NAcc         | **`r round(gambling_sum[[1,\"cohens_d\"]], 2)`** (`r round(gambling_sum[[1,\"d_lower\"]], 2)`, `r round(gambling_sum[[1,\"d_upper\"]], 2)`) | **`r round(gambling_sum[[2,\"cohens_d\"]], 2)`** (`r round(gambling_sum[[2,\"d_lower\"]], 2)`, `r round(gambling_sum[[2,\"d_upper\"]], 2)`), *n* = `r gambling_sum[[2,\"N\"]]` | **`r round(gambling_sum[[3,\"cohens_d\"]], 2)`** (`r round(gambling_sum[[3,\"d_lower\"]], 2)`, `r round(gambling_sum[[3,\"d_upper\"]], 2)`), *n* = `r gambling_sum[[3,\"N\"]]` | **`r round(gambling_sum[[4,\"cohens_d\"]], 2)`** (`r round(gambling_sum[[4,\"d_lower\"]], 2)`, `r round(gambling_sum[[4,\"d_upper\"]], 2)`), *n* = `r gambling_sum[[4,\"N\"]]` | **`r round(gambling_sum[[5,\"cohens_d\"]], 2)`** (`r round(gambling_sum[[5,\"d_lower\"]], 2)`, `r round(gambling_sum[[5,\"d_upper\"]], 2)`), *N* = `r gambling_sum[[5,\"N\"]]` |\n| Self-evaluations | mPFC         | **`r round(selfeval_sum[[1,\"cohens_d\"]], 2)`** (`r round(selfeval_sum[[1,\"d_lower\"]], 2)`, `r round(selfeval_sum[[1,\"d_upper\"]], 2)`) | **`r round(selfeval_sum[[2,\"cohens_d\"]], 2)`** (`r round(selfeval_sum[[2,\"d_lower\"]], 2)`, `r round(selfeval_sum[[2,\"d_upper\"]], 2)`), *n* = `r selfeval_sum[[2,\"N\"]]` | **`r round(selfeval_sum[[3,\"cohens_d\"]], 2)`** (`r round(selfeval_sum[[3,\"d_lower\"]], 2)`, `r round(selfeval_sum[[3,\"d_upper\"]], 2)`), *n* = `r selfeval_sum[[3,\"N\"]]` | **`r round(selfeval_sum[[4,\"cohens_d\"]], 2)`** (`r round(selfeval_sum[[4,\"d_lower\"]], 2)`, `r round(selfeval_sum[[4,\"d_upper\"]], 2)`), *n* = `r selfeval_sum[[4,\"N\"]]` | **`r round(selfeval_sum[[5,\"cohens_d\"]], 2)`** (`r round(selfeval_sum[[5,\"d_lower\"]], 2)`, `r round(selfeval_sum[[5,\"d_upper\"]], 2)`), *N* = `r selfeval_sum[[5,\"N\"]]` |\n| Gaining self     | NAcc         | **`r round(gaining_sum[[1,\"cohens_d\"]], 2)`** (`r round(gaining_sum[[1,\"d_lower\"]], 2)`, `r round(gaining_sum[[1,\"d_upper\"]], 2)`)    | **`r round(gaining_sum[[2,\"cohens_d\"]], 2)`** (`r round(gaining_sum[[2,\"d_lower\"]], 2)`, `r round(gaining_sum[[2,\"d_upper\"]], 2)`), *n* = `r gaining_sum[[2,\"N\"]]`     | **`r round(gaining_sum[[3,\"cohens_d\"]], 2)`** (`r round(gaining_sum[[3,\"d_lower\"]], 2)`, `r round(gaining_sum[[3,\"d_upper\"]], 2)`), *n* = `r gaining_sum[[3,\"N\"]]`     | **`r round(gaining_sum[[4,\"cohens_d\"]], 2)`** (`r round(gaining_sum[[4,\"d_lower\"]], 2)`, `r round(gaining_sum[[4,\"d_upper\"]], 2)`), *n* = `r gaining_sum[[4,\"N\"]]`     | **`r round(gaining_sum[[5,\"cohens_d\"]], 2)`** (`r round(gaining_sum[[5,\"d_lower\"]], 2)`, `r round(gaining_sum[[5,\"d_upper\"]], 2)`), *N* = `r gaining_sum[[5,\"N\"]]`     |\n","srcMarkdownNoYaml":"\n\nLoad libraries to produce figures:\n```{r setup}\n#| eval: TRUE\n#| echo: FALSE\n#| message: FALSE\n#| error: FALSE\n#| warning: FALSE\n#| results: FALSE\n#| include: FALSE\n# load libraries\nlibrary(dplyr)\nlibrary(patchwork)\n# load devtools library and load neuro-up package from github repo\nlibrary(devtools)\ninstall_github(\"eduardklap/neuroUp\")\nlibrary(neuroUp)\n```\n\nSet seed and create Figure 1a for the Feedback task DLPFC ROI:\n```{r Figure 1a}\n#| label: fig-1a\n#| eval: TRUE\n#| echo: FALSE\n#| message: FALSE\n#| warning: FALSE\n# set seed\nset.seed(1234)\n\n# Estimate differences (unstandardized and Cohen's d)\nfeedback_fig <- estim_diff(data = feedback,\n                           vars_of_interest = c(\"mfg_learning\",\n                                                \"mfg_application\"),\n                           sample_size = 20:271, \n                           k = 1000, \n                           name = \"A. Feedback DLPFC\")\n\n# plot figure 1a\nfeedback_fig$fig_cohens_d\n```\n\nPlot Figure 2a for the Feedback task DLPFC ROI:\n```{r Figure 2a}\n#| label: fig-2a\n#| eval: TRUE\n#| echo: FALSE\n#| message: FALSE\n#| warning: FALSE\n# plot figure 2a\nfeedback_fig$fig_d_nozero\n```\n\nSet seed and create Figure 1b for the Gambling task NAcc ROI:\n```{r Figure 1b}\n#| label: fig-1b\n#| eval: TRUE\n#| echo: FALSE\n#| message: FALSE\n#| warning: FALSE\n# set seed\nset.seed(1234)\n\n# Estimate differences (unstandardized and Cohen's d)\ngambling_fig <- estim_diff(data = gambling, \n                           vars_of_interest = c(\"lnacc_self_win\", \n                                                \"lnacc_self_loss\"), \n                           sample_size = 20:221, \n                           k = 1000, \n                           name = \"B. Gambling NAcc\")\n# plot figure 1b\ngambling_fig$fig_cohens_d\n```\n\nPlot Figure 2b for the  Gambling task NAcc ROI:\n```{r Figure 2b}\n#| label: fig-2b\n#| eval: TRUE\n#| echo: FALSE\n#| message: FALSE\n#| warning: FALSE\n# plot figure 2b\ngambling_fig$fig_d_nozero\n```\n\nSet seed and create Figure 1c for the Self-evaluations task mPFC ROI:\n```{r Figure 1c}\n#| label: fig-1c\n#| eval: TRUE\n#| echo: FALSE\n#| message: FALSE\n#| warning: FALSE\n# set seed\nset.seed(1234)\n\n# Estimate differences (unstandardized and Cohen's d)\nselfeval_fig <- estim_diff(data = self_eval, \n                           vars_of_interest = c(\"mpfc_self\", \n                                                \"mpfc_control\"),\n                           sample_size = 20:149, \n                           k = 1000, \n                           name = \"C. Self-evaluations mPFC\")\n\n# plot figure 1c\nselfeval_fig$fig_cohens_d\n```\n\nPlot Figure 2c for the Self-evaluations task mPFC ROI:\n```{r Figure 2c}\n#| label: fig-2c\n#| eval: TRUE\n#| echo: FALSE\n#| message: FALSE\n#| warning: FALSE\n# plot figure 2c\nselfeval_fig$fig_d_nozero\n```\n\nSet seed and create Figure 1d for the Gaining for self task NAcc ROI:\n```{r Figure 1d}\n#| label: fig-1d\n#| eval: TRUE\n#| echo: FALSE\n#| message: FALSE\n#| warning: FALSE\n# set seed\nset.seed(1234)\n\n# Estimate differences (unstandardized and Cohen's d)\nvicar_char_fig <- estim_diff(data = vicar_char, \n                             vars_of_interest = c(\"nacc_selfgain\", \n                                                  \"nacc_bothnogain\"),\n                             sample_size = 20:156, \n                             k = 1000, \n                             name = \"D. Gaining self NAcc\")\n\n# plot figure 1d\nvicar_char_fig$fig_cohens_d\n```\n\nPlot Figure 2d for the Gaining for self task NAcc ROI:\n```{r Figure 2d}\n#| label: fig-2d\n#| eval: TRUE\n#| echo: FALSE\n#| message: FALSE\n#| warning: FALSE\n# plot figure 2d\nvicar_char_fig$fig_d_nozero\n```\n\nPlot Figure 1 (4 data sets combined):\n```{r Figure 1}\n#| label: fig-1\n#| eval: TRUE\n#| echo: FALSE\n#| message: FALSE\n#| warning: FALSE\n#| fig-height: 6\n#| fig-width: 10\n#| fig-cap: \"Estimates of task effects for five different sample sizes (starting with $N=20$, then 1/5th parts of the total dataset). For each sample size 10 randomly chosen HDCI’s out of the 1000 HDCI’s computed are displayed (in light blue, permutation numbers used are displayed to the right of each subfigure). The average estimate with credible interval summarizing the 1000 HDCI’s for each sample size are plotted in reddish purple. DLPFC = dorsolateral prefrontal cortex; mPFC = medial prefrontal cortex; NAcc = nucleus accumbens.\"\n# plot figure 1 using patchwork library\nfeedback_fig$fig_cohens_d + gambling_fig$fig_cohens_d + selfeval_fig$fig_cohens_d + vicar_char_fig$fig_cohens_d\n```\n\nPlot Figure 2 (4 data sets combined):\n```{r Figure 2}\n#| label: fig-2\n#| eval: TRUE\n#| echo: FALSE\n#| message: FALSE\n#| warning: FALSE\n#| fig-height: 6\n#| fig-width: 10\n#| fig-cap: \"For each task, for five different sample sizes (starting with $n=20$, then 1/5th parts of the total dataset), the proportion of intervals not containing the value 0 is plotted in reddish purple.\"\n# plot figure 2 using patchwork library\nfeedback_fig$fig_d_nozero + gambling_fig$fig_d_nozero + selfeval_fig$fig_d_nozero + vicar_char_fig$fig_d_nozero\n```\n\nExtract numbers to make table 2:\n```{r Results table Cohens d}\n#| label: data-summary-cohens\n#| eval: TRUE\n#| echo: FALSE\n#| message: FALSE\n#| warning: FALSE\n# first extract tibble from results (select mean only)\nfeedback_sum <- as_tibble(feedback_fig$tbl_select) %>%\n  dplyr::filter(permutation == \"Overall\")\ngambling_sum <- as_tibble(gambling_fig$tbl_select) %>%\n  dplyr::filter(permutation == \"Overall\")\nselfeval_sum <- as_tibble(selfeval_fig$tbl_select) %>%\n  dplyr::filter(permutation == \"Overall\")\ngaining_sum <- as_tibble(vicar_char_fig$tbl_select) %>%\n  dplyr::filter(permutation == \"Overall\")\n```\n\nUse numbers to produce a table in text:\n\n| task             | brain region | n = 20                                                                                                                             | n = 2/5                                                                                                                                                             | n = 3/5                                                                                                                                                             | n = 4/5                                                                                                                                                             | N = total                                                                                                                                                           |\n|-----------|-----------|-----------|-----------|-----------|-----------|-----------|\n| Feedback         | DLPFC        | **`r round(feedback_sum[[1,\"cohens_d\"]], 2)`** (`r round(feedback_sum[[1,\"d_lower\"]], 2)`, `r round(feedback_sum[[1,\"d_upper\"]], 2)`) | **`r round(feedback_sum[[2,\"cohens_d\"]], 2)`** (`r round(feedback_sum[[2,\"d_lower\"]], 2)`, `r round(feedback_sum[[2,\"d_upper\"]], 2)`), *n* = `r feedback_sum[[2,\"N\"]]` | **`r round(feedback_sum[[3,\"cohens_d\"]], 2)`** (`r round(feedback_sum[[3,\"d_lower\"]], 2)`, `r round(feedback_sum[[3,\"d_upper\"]], 2)`), *n* = `r feedback_sum[[3,\"N\"]]` | **`r round(feedback_sum[[4,\"cohens_d\"]], 2)`** (`r round(feedback_sum[[4,\"d_lower\"]], 2)`, `r round(feedback_sum[[4,\"d_upper\"]], 2)`), *n* = `r feedback_sum[[4,\"N\"]]` | **`r round(feedback_sum[[5,\"cohens_d\"]], 2)`** (`r round(feedback_sum[[5,\"d_lower\"]], 2)`, `r round(feedback_sum[[5,\"d_upper\"]], 2)`), *N* = `r feedback_sum[[5,\"N\"]]` |\n| Gambling         | NAcc         | **`r round(gambling_sum[[1,\"cohens_d\"]], 2)`** (`r round(gambling_sum[[1,\"d_lower\"]], 2)`, `r round(gambling_sum[[1,\"d_upper\"]], 2)`) | **`r round(gambling_sum[[2,\"cohens_d\"]], 2)`** (`r round(gambling_sum[[2,\"d_lower\"]], 2)`, `r round(gambling_sum[[2,\"d_upper\"]], 2)`), *n* = `r gambling_sum[[2,\"N\"]]` | **`r round(gambling_sum[[3,\"cohens_d\"]], 2)`** (`r round(gambling_sum[[3,\"d_lower\"]], 2)`, `r round(gambling_sum[[3,\"d_upper\"]], 2)`), *n* = `r gambling_sum[[3,\"N\"]]` | **`r round(gambling_sum[[4,\"cohens_d\"]], 2)`** (`r round(gambling_sum[[4,\"d_lower\"]], 2)`, `r round(gambling_sum[[4,\"d_upper\"]], 2)`), *n* = `r gambling_sum[[4,\"N\"]]` | **`r round(gambling_sum[[5,\"cohens_d\"]], 2)`** (`r round(gambling_sum[[5,\"d_lower\"]], 2)`, `r round(gambling_sum[[5,\"d_upper\"]], 2)`), *N* = `r gambling_sum[[5,\"N\"]]` |\n| Self-evaluations | mPFC         | **`r round(selfeval_sum[[1,\"cohens_d\"]], 2)`** (`r round(selfeval_sum[[1,\"d_lower\"]], 2)`, `r round(selfeval_sum[[1,\"d_upper\"]], 2)`) | **`r round(selfeval_sum[[2,\"cohens_d\"]], 2)`** (`r round(selfeval_sum[[2,\"d_lower\"]], 2)`, `r round(selfeval_sum[[2,\"d_upper\"]], 2)`), *n* = `r selfeval_sum[[2,\"N\"]]` | **`r round(selfeval_sum[[3,\"cohens_d\"]], 2)`** (`r round(selfeval_sum[[3,\"d_lower\"]], 2)`, `r round(selfeval_sum[[3,\"d_upper\"]], 2)`), *n* = `r selfeval_sum[[3,\"N\"]]` | **`r round(selfeval_sum[[4,\"cohens_d\"]], 2)`** (`r round(selfeval_sum[[4,\"d_lower\"]], 2)`, `r round(selfeval_sum[[4,\"d_upper\"]], 2)`), *n* = `r selfeval_sum[[4,\"N\"]]` | **`r round(selfeval_sum[[5,\"cohens_d\"]], 2)`** (`r round(selfeval_sum[[5,\"d_lower\"]], 2)`, `r round(selfeval_sum[[5,\"d_upper\"]], 2)`), *N* = `r selfeval_sum[[5,\"N\"]]` |\n| Gaining self     | NAcc         | **`r round(gaining_sum[[1,\"cohens_d\"]], 2)`** (`r round(gaining_sum[[1,\"d_lower\"]], 2)`, `r round(gaining_sum[[1,\"d_upper\"]], 2)`)    | **`r round(gaining_sum[[2,\"cohens_d\"]], 2)`** (`r round(gaining_sum[[2,\"d_lower\"]], 2)`, `r round(gaining_sum[[2,\"d_upper\"]], 2)`), *n* = `r gaining_sum[[2,\"N\"]]`     | **`r round(gaining_sum[[3,\"cohens_d\"]], 2)`** (`r round(gaining_sum[[3,\"d_lower\"]], 2)`, `r round(gaining_sum[[3,\"d_upper\"]], 2)`), *n* = `r gaining_sum[[3,\"N\"]]`     | **`r round(gaining_sum[[4,\"cohens_d\"]], 2)`** (`r round(gaining_sum[[4,\"d_lower\"]], 2)`, `r round(gaining_sum[[4,\"d_upper\"]], 2)`), *n* = `r gaining_sum[[4,\"N\"]]`     | **`r round(gaining_sum[[5,\"cohens_d\"]], 2)`** (`r round(gaining_sum[[5,\"d_lower\"]], 2)`, `r round(gaining_sum[[5,\"d_upper\"]], 2)`), *N* = `r gaining_sum[[5,\"N\"]]`     |\n"},"formats":{"html":{"identifier":{"display-name":"HTML","target-format":"html","base-format":"html"},"execute":{"fig-width":7,"fig-height":5,"fig-format":"retina","fig-dpi":96,"df-print":"default","error":false,"eval":true,"cache":null,"freeze":true,"echo":false,"output":true,"warning":false,"include":true,"keep-md":false,"keep-ipynb":false,"ipynb":null,"enabled":null,"daemon":null,"daemon-restart":false,"debug":false,"ipynb-filters":[],"ipynb-shell-interactivity":null,"plotly-connected":true,"engine":"knitr"},"render":{"keep-tex":false,"keep-typ":false,"keep-source":false,"keep-hidden":true,"prefer-html":false,"output-divs":true,"output-ext":"html","fig-align":"default","fig-pos":null,"fig-env":null,"code-fold":"none","code-overflow":"scroll","code-link":false,"code-line-numbers":false,"code-tools":false,"tbl-colwidths":"auto","merge-includes":true,"inline-includes":false,"preserve-yaml":false,"latex-auto-mk":true,"latex-auto-install":true,"latex-clean":true,"latex-min-runs":1,"latex-max-runs":10,"latex-makeindex":"makeindex","latex-makeindex-opts":[],"latex-tlmgr-opts":[],"latex-input-paths":[],"latex-output-dir":null,"link-external-icon":false,"link-external-newwindow":false,"self-contained-math":false,"format-resources":[],"notebook-links":true,"produce-source-notebook":true,"notebook-preserve-cells":true},"pandoc":{"standalone":true,"wrap":"none","default-image-extension":"png","to":"html","output-file":"figures-cohens_d.html"},"language":{"toc-title-document":"Table of contents","toc-title-website":"On this page","related-formats-title":"Other Formats","related-notebooks-title":"Notebooks","source-notebooks-prefix":"Source","other-links-title":"Other Links","code-links-title":"Code Links","launch-dev-container-title":"Launch Dev Container","launch-binder-title":"Launch Binder","article-notebook-label":"Article Notebook","notebook-preview-download":"Download Notebook","notebook-preview-download-src":"Download Source","notebook-preview-back":"Back to Article","manuscript-meca-bundle":"MECA Bundle","section-title-abstract":"Abstract","section-title-appendices":"Appendices","section-title-footnotes":"Footnotes","section-title-references":"References","section-title-reuse":"Reuse","section-title-copyright":"Copyright","section-title-citation":"Citation","appendix-attribution-cite-as":"For attribution, please cite this work as:","appendix-attribution-bibtex":"BibTeX citation:","title-block-author-single":"Author","title-block-author-plural":"Authors","title-block-affiliation-single":"Affiliation","title-block-affiliation-plural":"Affiliations","title-block-published":"Published","title-block-modified":"Modified","title-block-keywords":"Keywords","callout-tip-title":"Tip","callout-note-title":"Note","callout-warning-title":"Warning","callout-important-title":"Important","callout-caution-title":"Caution","code-summary":"Code","code-tools-menu-caption":"Code","code-tools-show-all-code":"Show All Code","code-tools-hide-all-code":"Hide All Code","code-tools-view-source":"View Source","code-tools-source-code":"Source Code","tools-share":"Share","tools-download":"Download","code-line":"Line","code-lines":"Lines","copy-button-tooltip":"Copy to Clipboard","copy-button-tooltip-success":"Copied!","repo-action-links-edit":"Edit this page","repo-action-links-source":"View source","repo-action-links-issue":"Report an issue","back-to-top":"Back to top","search-no-results-text":"No results","search-matching-documents-text":"matching documents","search-copy-link-title":"Copy link to search","search-hide-matches-text":"Hide additional matches","search-more-match-text":"more match in this document","search-more-matches-text":"more matches in this document","search-clear-button-title":"Clear","search-text-placeholder":"","search-detached-cancel-button-title":"Cancel","search-submit-button-title":"Submit","search-label":"Search","toggle-section":"Toggle section","toggle-sidebar":"Toggle sidebar navigation","toggle-dark-mode":"Toggle dark mode","toggle-reader-mode":"Toggle reader mode","toggle-navigation":"Toggle navigation","crossref-fig-title":"Figure","crossref-tbl-title":"Table","crossref-lst-title":"Listing","crossref-thm-title":"Theorem","crossref-lem-title":"Lemma","crossref-cor-title":"Corollary","crossref-prp-title":"Proposition","crossref-cnj-title":"Conjecture","crossref-def-title":"Definition","crossref-exm-title":"Example","crossref-exr-title":"Exercise","crossref-ch-prefix":"Chapter","crossref-apx-prefix":"Appendix","crossref-sec-prefix":"Section","crossref-eq-prefix":"Equation","crossref-lof-title":"List of Figures","crossref-lot-title":"List of Tables","crossref-lol-title":"List of Listings","environment-proof-title":"Proof","environment-remark-title":"Remark","environment-solution-title":"Solution","listing-page-order-by":"Order By","listing-page-order-by-default":"Default","listing-page-order-by-date-asc":"Oldest","listing-page-order-by-date-desc":"Newest","listing-page-order-by-number-desc":"High to Low","listing-page-order-by-number-asc":"Low to High","listing-page-field-date":"Date","listing-page-field-title":"Title","listing-page-field-description":"Description","listing-page-field-author":"Author","listing-page-field-filename":"File Name","listing-page-field-filemodified":"Modified","listing-page-field-subtitle":"Subtitle","listing-page-field-readingtime":"Reading Time","listing-page-field-wordcount":"Word Count","listing-page-field-categories":"Categories","listing-page-minutes-compact":"{0} min","listing-page-category-all":"All","listing-page-no-matches":"No matching items","listing-page-words":"{0} words"},"metadata":{"lang":"en","fig-responsive":true,"quarto-version":"1.4.553","manuscript":{"article":"../sample-size-fmri-paper.qmd","notebooks":[{"notebook":"../notebooks/figures-cohens_d.qmd","title":"Code to create Figures 1 and 2"},{"notebook":"../notebooks/figures-correlations.qmd","title":"Code to create Figures 3 and 4"}],"mecaFile":"sample-size-fmri-paper-meca.zip"},"quarto-internal":{"subarticles":[{"input":"/Users/eduardklapwijk/ownCloud/2020_Samplesizes (Projectfolder)/reproducible-paper/notebooks/figures-cohens_d.qmd","token":"nb-1","render":true},{"input":"/Users/eduardklapwijk/ownCloud/2020_Samplesizes (Projectfolder)/reproducible-paper/notebooks/figures-correlations.qmd","token":"nb-2","render":true}]},"notebook-preview-options":{"back":true},"theme":"litera","title-block-style":"manuscript","lightbox":"auto","comments":{"hypothesis":true},"title":"Code for Figures 1-2 based on Cohen's d","author":"Eduard Klapwijk","clear-hidden-classes":"none","remove-hidden":"all","unroll-markdown-cells":true},"extensions":{"book":{"multiFile":true}}},"docx":{"identifier":{"display-name":"MS Word","target-format":"docx","base-format":"docx"},"execute":{"fig-width":5,"fig-height":4,"fig-format":"png","fig-dpi":96,"df-print":"default","error":false,"eval":true,"cache":null,"freeze":true,"echo":false,"output":true,"warning":false,"include":true,"keep-md":false,"keep-ipynb":false,"ipynb":null,"enabled":null,"daemon":null,"daemon-restart":false,"debug":false,"ipynb-filters":[],"ipynb-shell-interactivity":null,"plotly-connected":true,"engine":"knitr"},"render":{"keep-tex":false,"keep-typ":false,"keep-source":false,"keep-hidden":true,"prefer-html":false,"output-divs":true,"output-ext":"docx","fig-align":"default","fig-pos":null,"fig-env":null,"code-fold":"none","code-overflow":"scroll","code-link":false,"code-line-numbers":false,"code-tools":false,"tbl-colwidths":true,"merge-includes":true,"inline-includes":false,"preserve-yaml":false,"latex-auto-mk":true,"latex-auto-install":true,"latex-clean":true,"latex-min-runs":1,"latex-max-runs":10,"latex-makeindex":"makeindex","latex-makeindex-opts":[],"latex-tlmgr-opts":[],"latex-input-paths":[],"latex-output-dir":null,"link-external-icon":false,"link-external-newwindow":false,"self-contained-math":false,"format-resources":[],"page-width":6.5,"produce-source-notebook":true,"notebook-preserve-cells":true},"pandoc":{"default-image-extension":"png","to":"docx","output-file":"figures-cohens_d.docx"},"language":{"toc-title-document":"Table of contents","toc-title-website":"On this page","related-formats-title":"Other Formats","related-notebooks-title":"Notebooks","source-notebooks-prefix":"Source","other-links-title":"Other Links","code-links-title":"Code Links","launch-dev-container-title":"Launch Dev Container","launch-binder-title":"Launch Binder","article-notebook-label":"Article Notebook","notebook-preview-download":"Download Notebook","notebook-preview-download-src":"Download Source","notebook-preview-back":"Back to Article","manuscript-meca-bundle":"MECA Bundle","section-title-abstract":"Abstract","section-title-appendices":"Appendices","section-title-footnotes":"Footnotes","section-title-references":"References","section-title-reuse":"Reuse","section-title-copyright":"Copyright","section-title-citation":"Citation","appendix-attribution-cite-as":"For attribution, please cite this work as:","appendix-attribution-bibtex":"BibTeX citation:","title-block-author-single":"Author","title-block-author-plural":"Authors","title-block-affiliation-single":"Affiliation","title-block-affiliation-plural":"Affiliations","title-block-published":"Published","title-block-modified":"Modified","title-block-keywords":"Keywords","callout-tip-title":"Tip","callout-note-title":"Note","callout-warning-title":"Warning","callout-important-title":"Important","callout-caution-title":"Caution","code-summary":"Code","code-tools-menu-caption":"Code","code-tools-show-all-code":"Show All Code","code-tools-hide-all-code":"Hide All Code","code-tools-view-source":"View Source","code-tools-source-code":"Source Code","tools-share":"Share","tools-download":"Download","code-line":"Line","code-lines":"Lines","copy-button-tooltip":"Copy to Clipboard","copy-button-tooltip-success":"Copied!","repo-action-links-edit":"Edit this page","repo-action-links-source":"View source","repo-action-links-issue":"Report an issue","back-to-top":"Back to top","search-no-results-text":"No results","search-matching-documents-text":"matching documents","search-copy-link-title":"Copy link to search","search-hide-matches-text":"Hide additional matches","search-more-match-text":"more match in this document","search-more-matches-text":"more matches in this document","search-clear-button-title":"Clear","search-text-placeholder":"","search-detached-cancel-button-title":"Cancel","search-submit-button-title":"Submit","search-label":"Search","toggle-section":"Toggle section","toggle-sidebar":"Toggle sidebar navigation","toggle-dark-mode":"Toggle dark mode","toggle-reader-mode":"Toggle reader mode","toggle-navigation":"Toggle navigation","crossref-fig-title":"Figure","crossref-tbl-title":"Table","crossref-lst-title":"Listing","crossref-thm-title":"Theorem","crossref-lem-title":"Lemma","crossref-cor-title":"Corollary","crossref-prp-title":"Proposition","crossref-cnj-title":"Conjecture","crossref-def-title":"Definition","crossref-exm-title":"Example","crossref-exr-title":"Exercise","crossref-ch-prefix":"Chapter","crossref-apx-prefix":"Appendix","crossref-sec-prefix":"Section","crossref-eq-prefix":"Equation","crossref-lof-title":"List of Figures","crossref-lot-title":"List of Tables","crossref-lol-title":"List of Listings","environment-proof-title":"Proof","environment-remark-title":"Remark","environment-solution-title":"Solution","listing-page-order-by":"Order By","listing-page-order-by-default":"Default","listing-page-order-by-date-asc":"Oldest","listing-page-order-by-date-desc":"Newest","listing-page-order-by-number-desc":"High to Low","listing-page-order-by-number-asc":"Low to High","listing-page-field-date":"Date","listing-page-field-title":"Title","listing-page-field-description":"Description","listing-page-field-author":"Author","listing-page-field-filename":"File Name","listing-page-field-filemodified":"Modified","listing-page-field-subtitle":"Subtitle","listing-page-field-readingtime":"Reading Time","listing-page-field-wordcount":"Word Count","listing-page-field-categories":"Categories","listing-page-minutes-compact":"{0} min","listing-page-category-all":"All","listing-page-no-matches":"No matching items","listing-page-words":"{0} words"},"metadata":{"manuscript":{"article":"../sample-size-fmri-paper.qmd","notebooks":[{"notebook":"../notebooks/figures-cohens_d.qmd","title":"Code to create Figures 1 and 2"},{"notebook":"../notebooks/figures-correlations.qmd","title":"Code to create Figures 3 and 4"}],"mecaFile":"sample-size-fmri-paper-meca.zip"},"quarto-internal":{"subarticles":[{"input":"/Users/eduardklapwijk/ownCloud/2020_Samplesizes (Projectfolder)/reproducible-paper/notebooks/figures-cohens_d.qmd","token":"nb-1","render":true},{"input":"/Users/eduardklapwijk/ownCloud/2020_Samplesizes (Projectfolder)/reproducible-paper/notebooks/figures-correlations.qmd","token":"nb-2","render":true}]},"notebook-preview-options":{"back":true},"theme":"cosmo","title-block-style":"manuscript","lightbox":"auto","title":"Code for Figures 1-2 based on Cohen's d","author":"Eduard Klapwijk","clear-hidden-classes":"none","remove-hidden":"all","unroll-markdown-cells":true},"extensions":{"book":{"selfContainedOutput":true}}},"jats":{"identifier":{"display-name":"JATS","target-format":"jats","base-format":"jats"},"execute":{"fig-width":7,"fig-height":5,"fig-format":"png","fig-dpi":96,"df-print":"default","error":false,"eval":true,"cache":null,"freeze":true,"echo":false,"output":true,"warning":false,"include":true,"keep-md":false,"keep-ipynb":false,"ipynb":null,"enabled":null,"daemon":null,"daemon-restart":false,"debug":false,"ipynb-filters":[],"ipynb-shell-interactivity":null,"plotly-connected":true,"engine":"knitr"},"render":{"keep-tex":false,"keep-typ":false,"keep-source":false,"keep-hidden":true,"prefer-html":false,"output-divs":true,"output-ext":"xml","fig-align":"default","fig-pos":null,"fig-env":null,"code-fold":"none","code-overflow":"scroll","code-link":false,"code-line-numbers":false,"code-tools":false,"tbl-colwidths":true,"merge-includes":true,"inline-includes":false,"preserve-yaml":false,"latex-auto-mk":true,"latex-auto-install":true,"latex-clean":true,"latex-min-runs":1,"latex-max-runs":10,"latex-makeindex":"makeindex","latex-makeindex-opts":[],"latex-tlmgr-opts":[],"latex-input-paths":[],"latex-output-dir":null,"link-external-icon":false,"link-external-newwindow":false,"self-contained-math":false,"format-resources":[],"variant":"+element_citations","produce-source-notebook":true,"notebook-preserve-cells":true},"pandoc":{"standalone":true,"default-image-extension":"png","to":"jats","output-file":"figures-cohens_d.xml"},"language":{"toc-title-document":"Table of contents","toc-title-website":"On this page","related-formats-title":"Other Formats","related-notebooks-title":"Notebooks","source-notebooks-prefix":"Source","other-links-title":"Other Links","code-links-title":"Code Links","launch-dev-container-title":"Launch Dev Container","launch-binder-title":"Launch Binder","article-notebook-label":"Article Notebook","notebook-preview-download":"Download Notebook","notebook-preview-download-src":"Download Source","notebook-preview-back":"Back to Article","manuscript-meca-bundle":"MECA Bundle","section-title-abstract":"Abstract","section-title-appendices":"Appendices","section-title-footnotes":"Footnotes","section-title-references":"References","section-title-reuse":"Reuse","section-title-copyright":"Copyright","section-title-citation":"Citation","appendix-attribution-cite-as":"For attribution, please cite this work as:","appendix-attribution-bibtex":"BibTeX citation:","title-block-author-single":"Author","title-block-author-plural":"Authors","title-block-affiliation-single":"Affiliation","title-block-affiliation-plural":"Affiliations","title-block-published":"Published","title-block-modified":"Modified","title-block-keywords":"Keywords","callout-tip-title":"Tip","callout-note-title":"Note","callout-warning-title":"Warning","callout-important-title":"Important","callout-caution-title":"Caution","code-summary":"Code","code-tools-menu-caption":"Code","code-tools-show-all-code":"Show All Code","code-tools-hide-all-code":"Hide All Code","code-tools-view-source":"View Source","code-tools-source-code":"Source Code","tools-share":"Share","tools-download":"Download","code-line":"Line","code-lines":"Lines","copy-button-tooltip":"Copy to Clipboard","copy-button-tooltip-success":"Copied!","repo-action-links-edit":"Edit this page","repo-action-links-source":"View source","repo-action-links-issue":"Report an issue","back-to-top":"Back to top","search-no-results-text":"No results","search-matching-documents-text":"matching documents","search-copy-link-title":"Copy link to search","search-hide-matches-text":"Hide additional matches","search-more-match-text":"more match in this document","search-more-matches-text":"more matches in this document","search-clear-button-title":"Clear","search-text-placeholder":"","search-detached-cancel-button-title":"Cancel","search-submit-button-title":"Submit","search-label":"Search","toggle-section":"Toggle section","toggle-sidebar":"Toggle sidebar navigation","toggle-dark-mode":"Toggle dark mode","toggle-reader-mode":"Toggle reader mode","toggle-navigation":"Toggle navigation","crossref-fig-title":"Figure","crossref-tbl-title":"Table","crossref-lst-title":"Listing","crossref-thm-title":"Theorem","crossref-lem-title":"Lemma","crossref-cor-title":"Corollary","crossref-prp-title":"Proposition","crossref-cnj-title":"Conjecture","crossref-def-title":"Definition","crossref-exm-title":"Example","crossref-exr-title":"Exercise","crossref-ch-prefix":"Chapter","crossref-apx-prefix":"Appendix","crossref-sec-prefix":"Section","crossref-eq-prefix":"Equation","crossref-lof-title":"List of Figures","crossref-lot-title":"List of Tables","crossref-lol-title":"List of Listings","environment-proof-title":"Proof","environment-remark-title":"Remark","environment-solution-title":"Solution","listing-page-order-by":"Order By","listing-page-order-by-default":"Default","listing-page-order-by-date-asc":"Oldest","listing-page-order-by-date-desc":"Newest","listing-page-order-by-number-desc":"High to Low","listing-page-order-by-number-asc":"Low to High","listing-page-field-date":"Date","listing-page-field-title":"Title","listing-page-field-description":"Description","listing-page-field-author":"Author","listing-page-field-filename":"File Name","listing-page-field-filemodified":"Modified","listing-page-field-subtitle":"Subtitle","listing-page-field-readingtime":"Reading Time","listing-page-field-wordcount":"Word Count","listing-page-field-categories":"Categories","listing-page-minutes-compact":"{0} min","listing-page-category-all":"All","listing-page-no-matches":"No matching items","listing-page-words":"{0} words"},"metadata":{"manuscript":{"article":"../sample-size-fmri-paper.qmd","notebooks":[{"notebook":"../notebooks/figures-cohens_d.qmd","title":"Code to create Figures 1 and 2"},{"notebook":"../notebooks/figures-correlations.qmd","title":"Code to create Figures 3 and 4"}],"mecaFile":"sample-size-fmri-paper-meca.zip"},"quarto-internal":{"subarticles":[{"input":"/Users/eduardklapwijk/ownCloud/2020_Samplesizes (Projectfolder)/reproducible-paper/notebooks/figures-cohens_d.qmd","token":"nb-1","render":true},{"input":"/Users/eduardklapwijk/ownCloud/2020_Samplesizes (Projectfolder)/reproducible-paper/notebooks/figures-correlations.qmd","token":"nb-2","render":true}]},"notebook-preview-options":{"back":true},"theme":"cosmo","title-block-style":"manuscript","lightbox":"auto","title":"Code for Figures 1-2 based on Cohen's d","author":"Eduard Klapwijk","clear-hidden-classes":"none","remove-hidden":"all","unroll-markdown-cells":true}},"pdf":{"identifier":{"display-name":"PDF","target-format":"pdf","base-format":"pdf"},"execute":{"fig-width":5.5,"fig-height":3.5,"fig-format":"pdf","fig-dpi":300,"df-print":"default","error":false,"eval":true,"cache":null,"freeze":true,"echo":false,"output":true,"warning":false,"include":true,"keep-md":false,"keep-ipynb":false,"ipynb":null,"enabled":null,"daemon":null,"daemon-restart":false,"debug":false,"ipynb-filters":[],"ipynb-shell-interactivity":null,"plotly-connected":true,"engine":"knitr"},"render":{"keep-tex":false,"keep-typ":false,"keep-source":false,"keep-hidden":true,"prefer-html":false,"output-divs":true,"output-ext":"pdf","fig-align":"default","fig-pos":null,"fig-env":null,"code-fold":"none","code-overflow":"scroll","code-link":false,"code-line-numbers":false,"code-tools":false,"tbl-colwidths":true,"merge-includes":true,"inline-includes":false,"preserve-yaml":false,"latex-auto-mk":true,"latex-auto-install":true,"latex-clean":true,"latex-min-runs":1,"latex-max-runs":10,"latex-makeindex":"makeindex","latex-makeindex-opts":[],"latex-tlmgr-opts":[],"latex-input-paths":[],"latex-output-dir":null,"link-external-icon":false,"link-external-newwindow":false,"self-contained-math":false,"format-resources":[],"produce-source-notebook":true,"notebook-preserve-cells":true},"pandoc":{"pdf-engine":"xelatex","standalone":true,"variables":{"graphics":true,"tables":true},"default-image-extension":"pdf","to":"pdf","output-file":"figures-cohens_d.pdf"},"language":{"toc-title-document":"Table of contents","toc-title-website":"On this page","related-formats-title":"Other Formats","related-notebooks-title":"Notebooks","source-notebooks-prefix":"Source","other-links-title":"Other Links","code-links-title":"Code Links","launch-dev-container-title":"Launch Dev Container","launch-binder-title":"Launch Binder","article-notebook-label":"Article Notebook","notebook-preview-download":"Download Notebook","notebook-preview-download-src":"Download Source","notebook-preview-back":"Back to Article","manuscript-meca-bundle":"MECA Bundle","section-title-abstract":"Abstract","section-title-appendices":"Appendices","section-title-footnotes":"Footnotes","section-title-references":"References","section-title-reuse":"Reuse","section-title-copyright":"Copyright","section-title-citation":"Citation","appendix-attribution-cite-as":"For attribution, please cite this work as:","appendix-attribution-bibtex":"BibTeX citation:","title-block-author-single":"Author","title-block-author-plural":"Authors","title-block-affiliation-single":"Affiliation","title-block-affiliation-plural":"Affiliations","title-block-published":"Published","title-block-modified":"Modified","title-block-keywords":"Keywords","callout-tip-title":"Tip","callout-note-title":"Note","callout-warning-title":"Warning","callout-important-title":"Important","callout-caution-title":"Caution","code-summary":"Code","code-tools-menu-caption":"Code","code-tools-show-all-code":"Show All Code","code-tools-hide-all-code":"Hide All Code","code-tools-view-source":"View Source","code-tools-source-code":"Source Code","tools-share":"Share","tools-download":"Download","code-line":"Line","code-lines":"Lines","copy-button-tooltip":"Copy to Clipboard","copy-button-tooltip-success":"Copied!","repo-action-links-edit":"Edit this page","repo-action-links-source":"View source","repo-action-links-issue":"Report an issue","back-to-top":"Back to top","search-no-results-text":"No results","search-matching-documents-text":"matching documents","search-copy-link-title":"Copy link to search","search-hide-matches-text":"Hide additional matches","search-more-match-text":"more match in this document","search-more-matches-text":"more matches in this document","search-clear-button-title":"Clear","search-text-placeholder":"","search-detached-cancel-button-title":"Cancel","search-submit-button-title":"Submit","search-label":"Search","toggle-section":"Toggle section","toggle-sidebar":"Toggle sidebar navigation","toggle-dark-mode":"Toggle dark mode","toggle-reader-mode":"Toggle reader mode","toggle-navigation":"Toggle navigation","crossref-fig-title":"Figure","crossref-tbl-title":"Table","crossref-lst-title":"Listing","crossref-thm-title":"Theorem","crossref-lem-title":"Lemma","crossref-cor-title":"Corollary","crossref-prp-title":"Proposition","crossref-cnj-title":"Conjecture","crossref-def-title":"Definition","crossref-exm-title":"Example","crossref-exr-title":"Exercise","crossref-ch-prefix":"Chapter","crossref-apx-prefix":"Appendix","crossref-sec-prefix":"Section","crossref-eq-prefix":"Equation","crossref-lof-title":"List of Figures","crossref-lot-title":"List of Tables","crossref-lol-title":"List of Listings","environment-proof-title":"Proof","environment-remark-title":"Remark","environment-solution-title":"Solution","listing-page-order-by":"Order By","listing-page-order-by-default":"Default","listing-page-order-by-date-asc":"Oldest","listing-page-order-by-date-desc":"Newest","listing-page-order-by-number-desc":"High to Low","listing-page-order-by-number-asc":"Low to High","listing-page-field-date":"Date","listing-page-field-title":"Title","listing-page-field-description":"Description","listing-page-field-author":"Author","listing-page-field-filename":"File Name","listing-page-field-filemodified":"Modified","listing-page-field-subtitle":"Subtitle","listing-page-field-readingtime":"Reading Time","listing-page-field-wordcount":"Word Count","listing-page-field-categories":"Categories","listing-page-minutes-compact":"{0} min","listing-page-category-all":"All","listing-page-no-matches":"No matching items","listing-page-words":"{0} words"},"metadata":{"block-headings":true,"manuscript":{"article":"../sample-size-fmri-paper.qmd","notebooks":[{"notebook":"../notebooks/figures-cohens_d.qmd","title":"Code to create Figures 1 and 2"},{"notebook":"../notebooks/figures-correlations.qmd","title":"Code to create Figures 3 and 4"}],"mecaFile":"sample-size-fmri-paper-meca.zip"},"quarto-internal":{"subarticles":[{"input":"/Users/eduardklapwijk/ownCloud/2020_Samplesizes (Projectfolder)/reproducible-paper/notebooks/figures-cohens_d.qmd","token":"nb-1","render":true},{"input":"/Users/eduardklapwijk/ownCloud/2020_Samplesizes (Projectfolder)/reproducible-paper/notebooks/figures-correlations.qmd","token":"nb-2","render":true}]},"notebook-preview-options":{"back":true},"theme":"cosmo","title-block-style":"manuscript","lightbox":"auto","title":"Code for Figures 1-2 based on Cohen's d","author":"Eduard Klapwijk","clear-hidden-classes":"none","remove-hidden":"all","unroll-markdown-cells":true},"extensions":{"book":{"selfContainedOutput":true}}}},"projectFormats":["html","docx","jats","pdf"]}