<?xml version="1.0" encoding="UTF-8"?>
<!DOCTYPE manifest PUBLIC "-//MECA//DTD Manifest v1.0//en" "MECA_manifest.dtd">
<manifest manifest-version="1" xmlns="https://manuscriptexchange.org/schema/manifest" xmlns:xlink="http://www.w3.org/1999/xlink">
  <item item-type="article-metadata">
    <instance media-type="text/xml" xlink:href="sample-size-fmri-paper.xml"/>
  </item>
  <item item-type="manuscript">
    <instance media-type="application/pdf" xlink:href="sample-size-fmri-paper.pdf"/>
  </item>
  <item item-type="manuscript">
    <instance media-type="application/vnd.openxmlformats-officedocument.wordprocessingml.document" xlink:href="sample-size-fmri-paper.docx"/>
  </item>
  <item item-type="manuscript">
    <instance media-type="text/plain" xlink:href="_tex/sample-size-fmri-paper.tex"/>
  </item>
  <item item-type="manuscript-supporting-file">
    <instance media-type="image/png" xlink:href="sample-size-fmri-paper_files/figure-jats/notebooks-figures-cohens_d-fig-1b-output-1.png"/>
  </item>
  <item item-type="manuscript-supporting-file">
    <instance media-type="image/png" xlink:href="sample-size-fmri-paper_files/figure-jats/notebooks-figures-cohens_d-fig-2d-output-1.png"/>
  </item>
  <item item-type="manuscript-supporting-file">
    <instance media-type="image/png" xlink:href="sample-size-fmri-paper_files/figure-jats/notebooks-figures-cohens_d-fig-2c-output-1.png"/>
  </item>
  <item item-type="manuscript-supporting-file">
    <instance media-type="image/png" xlink:href="sample-size-fmri-paper_files/figure-jats/notebooks-figures-cohens_d-fig-2-output-1.png"/>
  </item>
  <item item-type="manuscript-supporting-file">
    <instance media-type="image/png" xlink:href="sample-size-fmri-paper_files/figure-jats/notebooks-figures-cohens_d-fig-1c-output-1.png"/>
  </item>
  <item item-type="manuscript-supporting-file">
    <instance media-type="image/png" xlink:href="sample-size-fmri-paper_files/figure-jats/notebooks-figures-cohens_d-fig-1d-output-1.png"/>
  </item>
  <item item-type="manuscript-supporting-file">
    <instance media-type="image/png" xlink:href="sample-size-fmri-paper_files/figure-jats/notebooks-figures-cohens_d-fig-2b-output-1.png"/>
  </item>
  <item item-type="manuscript-supporting-file">
    <instance media-type="image/png" xlink:href="sample-size-fmri-paper_files/figure-jats/notebooks-figures-correlations-fig-3d-output-1.png"/>
  </item>
  <item item-type="manuscript-supporting-file">
    <instance media-type="image/png" xlink:href="sample-size-fmri-paper_files/figure-jats/notebooks-figures-correlations-fig-3c-output-1.png"/>
  </item>
  <item item-type="manuscript-supporting-file">
    <instance media-type="image/png" xlink:href="sample-size-fmri-paper_files/figure-jats/notebooks-figures-correlations-fig-4b-output-1.png"/>
  </item>
  <item item-type="manuscript-supporting-file">
    <instance media-type="image/png" xlink:href="sample-size-fmri-paper_files/figure-jats/notebooks-figures-correlations-fig-3b-output-1.png"/>
  </item>
  <item item-type="manuscript-supporting-file">
    <instance media-type="image/png" xlink:href="sample-size-fmri-paper_files/figure-jats/notebooks-figures-correlations-fig-4d-output-1.png"/>
  </item>
  <item item-type="manuscript-supporting-file">
    <instance media-type="image/png" xlink:href="sample-size-fmri-paper_files/figure-jats/notebooks-figures-correlations-fig-4c-output-1.png"/>
  </item>
  <item item-type="manuscript-supporting-file">
    <instance media-type="image/png" xlink:href="sample-size-fmri-paper_files/figure-jats/notebooks-figures-correlations-fig-4a-output-1.png"/>
  </item>
  <item item-type="manuscript-supporting-file">
    <instance media-type="image/png" xlink:href="sample-size-fmri-paper_files/figure-jats/notebooks-figures-correlations-fig-3a-output-1.png"/>
  </item>
  <item item-type="manuscript-supporting-file">
    <instance media-type="image/png" xlink:href="sample-size-fmri-paper_files/figure-jats/notebooks-figures-cohens_d-fig-1a-output-1.png"/>
  </item>
  <item item-type="manuscript-supporting-file">
    <instance media-type="image/png" xlink:href="sample-size-fmri-paper_files/figure-jats/notebooks-figures-cohens_d-fig-1-output-1.png"/>
  </item>
  <item item-type="manuscript-supporting-file">
    <instance media-type="image/png" xlink:href="sample-size-fmri-paper_files/figure-jats/notebooks-figures-correlations-fig-4-output-1.png"/>
  </item>
  <item item-type="manuscript-supporting-file">
    <instance media-type="image/png" xlink:href="sample-size-fmri-paper_files/figure-jats/notebooks-figures-correlations-fig-3-output-1.png"/>
  </item>
  <item item-type="manuscript-supporting-file">
    <instance media-type="image/png" xlink:href="sample-size-fmri-paper_files/figure-jats/notebooks-figures-cohens_d-fig-2a-output-1.png"/>
  </item>
  <item item-type="manuscript-supporting-file">
    <instance media-type="image/png" xlink:href="figures-cohens_d_files/figure-html/fig-2c-1.png"/>
  </item>
  <item item-type="manuscript-supporting-file">
    <instance media-type="image/png" xlink:href="figures-cohens_d_files/figure-html/fig-2a-1.png"/>
  </item>
  <item item-type="manuscript-supporting-file">
    <instance media-type="image/png" xlink:href="figures-cohens_d_files/figure-html/fig-2d-1.png"/>
  </item>
  <item item-type="manuscript-supporting-file">
    <instance media-type="image/png" xlink:href="figures-cohens_d_files/figure-html/fig-2b-1.png"/>
  </item>
  <item item-type="manuscript-supporting-file">
    <instance media-type="image/png" xlink:href="figures-cohens_d_files/figure-html/fig-1c-1.png"/>
  </item>
  <item item-type="manuscript-supporting-file">
    <instance media-type="image/png" xlink:href="figures-cohens_d_files/figure-html/fig-1a-1.png"/>
  </item>
  <item item-type="manuscript-supporting-file">
    <instance media-type="image/png" xlink:href="figures-cohens_d_files/figure-html/fig-1-1.png"/>
  </item>
  <item item-type="manuscript-supporting-file">
    <instance media-type="image/png" xlink:href="figures-cohens_d_files/figure-html/fig-1b-1.png"/>
  </item>
  <item item-type="manuscript-supporting-file">
    <instance media-type="image/png" xlink:href="figures-cohens_d_files/figure-html/fig-1d-1.png"/>
  </item>
  <item item-type="manuscript-supporting-file">
    <instance media-type="image/png" xlink:href="figures-cohens_d_files/figure-html/fig-2-1.png"/>
  </item>
  <item item-type="manuscript-supporting-file">
    <instance media-type="image/png" xlink:href="figures-correlations_files/figure-html/fig-3-total-1.png"/>
  </item>
  <item item-type="manuscript-supporting-file">
    <instance media-type="image/png" xlink:href="figures-correlations_files/figure-html/fig-4d-1.png"/>
  </item>
  <item item-type="manuscript-supporting-file">
    <instance media-type="image/png" xlink:href="figures-correlations_files/figure-html/fig-4b-1.png"/>
  </item>
  <item item-type="manuscript-supporting-file">
    <instance media-type="image/png" xlink:href="figures-correlations_files/figure-html/Figure 3a-1.png"/>
  </item>
  <item item-type="manuscript-supporting-file">
    <instance media-type="image/png" xlink:href="figures-correlations_files/figure-html/fig-4a-1.png"/>
  </item>
  <item item-type="manuscript-supporting-file">
    <instance media-type="image/png" xlink:href="figures-correlations_files/figure-html/fig-4c-1.png"/>
  </item>
  <item item-type="manuscript-supporting-file">
    <instance media-type="image/png" xlink:href="figures-correlations_files/figure-html/fig-3a-1.png"/>
  </item>
  <item item-type="manuscript-supporting-file">
    <instance media-type="image/png" xlink:href="figures-correlations_files/figure-html/fig-3-1.png"/>
  </item>
  <item item-type="manuscript-supporting-file">
    <instance media-type="image/png" xlink:href="figures-correlations_files/figure-html/fig-3c-1.png"/>
  </item>
  <item item-type="manuscript-supporting-file">
    <instance media-type="image/png" xlink:href="figures-correlations_files/figure-html/fig-3d-1.png"/>
  </item>
  <item item-type="manuscript-supporting-file">
    <instance media-type="image/png" xlink:href="figures-correlations_files/figure-html/fig-4-1.png"/>
  </item>
  <item item-type="manuscript-supporting-file">
    <instance media-type="image/png" xlink:href="figures-correlations_files/figure-html/fig-3b-1.png"/>
  </item>
  <item item-type="manuscript-supporting-file">
    <instance media-type="text/css" xlink:href="figures-correlations_files/libs/bootstrap/bootstrap.min.css"/>
  </item>
  <item item-type="manuscript-supporting-file">
    <instance media-type="text/css" xlink:href="figures-correlations_files/libs/bootstrap/bootstrap-icons.css"/>
  </item>
  <item item-type="manuscript-supporting-file">
    <instance media-type="application/javascript" xlink:href="figures-correlations_files/libs/bootstrap/bootstrap.min.js"/>
  </item>
  <item item-type="manuscript-supporting-file">
    <instance media-type="application/font-woff" xlink:href="figures-correlations_files/libs/bootstrap/bootstrap-icons.woff"/>
  </item>
  <item item-type="manuscript-supporting-file">
    <instance media-type="application/javascript" xlink:href="figures-correlations_files/libs/quarto-html/quarto.js"/>
  </item>
  <item item-type="manuscript-supporting-file">
    <instance media-type="text/css" xlink:href="figures-correlations_files/libs/quarto-html/quarto-syntax-highlighting.css"/>
  </item>
  <item item-type="manuscript-supporting-file">
    <instance media-type="text/css" xlink:href="figures-correlations_files/libs/quarto-html/tippy.css"/>
  </item>
  <item item-type="manuscript-supporting-file">
    <instance media-type="application/javascript" xlink:href="figures-correlations_files/libs/quarto-html/tippy.umd.min.js"/>
  </item>
  <item item-type="manuscript-supporting-file">
    <instance media-type="application/javascript" xlink:href="figures-correlations_files/libs/quarto-html/anchor.min.js"/>
  </item>
  <item item-type="manuscript-supporting-file">
    <instance media-type="application/javascript" xlink:href="figures-correlations_files/libs/quarto-html/popper.min.js"/>
  </item>
  <item item-type="manuscript-supporting-file">
    <instance media-type="application/javascript" xlink:href="figures-correlations_files/libs/clipboard/clipboard.min.js"/>
  </item>
  <item item-type="manuscript-supporting-file">
    <instance media-type="image/png" xlink:href="figures-correlations_files/figure-ipynb/fig-4d-1.png"/>
  </item>
  <item item-type="manuscript-supporting-file">
    <instance media-type="image/png" xlink:href="figures-correlations_files/figure-ipynb/fig-4b-1.png"/>
  </item>
  <item item-type="manuscript-supporting-file">
    <instance media-type="image/png" xlink:href="figures-correlations_files/figure-ipynb/fig-4a-1.png"/>
  </item>
  <item item-type="manuscript-supporting-file">
    <instance media-type="image/png" xlink:href="figures-correlations_files/figure-ipynb/fig-4c-1.png"/>
  </item>
  <item item-type="manuscript-supporting-file">
    <instance media-type="image/png" xlink:href="figures-correlations_files/figure-ipynb/fig-3a-1.png"/>
  </item>
  <item item-type="manuscript-supporting-file">
    <instance media-type="image/png" xlink:href="figures-correlations_files/figure-ipynb/fig-3c-1.png"/>
  </item>
  <item item-type="manuscript-supporting-file">
    <instance media-type="image/png" xlink:href="figures-correlations_files/figure-ipynb/fig-3d-1.png"/>
  </item>
  <item item-type="manuscript-supporting-file">
    <instance media-type="image/png" xlink:href="figures-correlations_files/figure-ipynb/fig-3b-1.png"/>
  </item>
  <item item-type="manuscript-supporting-file">
    <instance media-type="image/png" xlink:href="_tex/sample-size-fmri-paper_files/figure-latex/notebooks-figures-cohens_d-fig-1b-output-1.png"/>
  </item>
  <item item-type="manuscript-supporting-file">
    <instance media-type="image/png" xlink:href="_tex/sample-size-fmri-paper_files/figure-latex/notebooks-figures-cohens_d-fig-2d-output-1.png"/>
  </item>
  <item item-type="manuscript-supporting-file">
    <instance media-type="image/png" xlink:href="_tex/sample-size-fmri-paper_files/figure-latex/notebooks-figures-cohens_d-fig-2c-output-1.png"/>
  </item>
  <item item-type="manuscript-supporting-file">
    <instance media-type="image/png" xlink:href="_tex/sample-size-fmri-paper_files/figure-latex/notebooks-figures-cohens_d-fig-2-output-1.png"/>
  </item>
  <item item-type="manuscript-supporting-file">
    <instance media-type="image/png" xlink:href="_tex/sample-size-fmri-paper_files/figure-latex/notebooks-figures-cohens_d-fig-1c-output-1.png"/>
  </item>
  <item item-type="manuscript-supporting-file">
    <instance media-type="image/png" xlink:href="_tex/sample-size-fmri-paper_files/figure-latex/notebooks-figures-cohens_d-fig-1d-output-1.png"/>
  </item>
  <item item-type="manuscript-supporting-file">
    <instance media-type="image/png" xlink:href="_tex/sample-size-fmri-paper_files/figure-latex/notebooks-figures-cohens_d-fig-2b-output-1.png"/>
  </item>
  <item item-type="manuscript-supporting-file">
    <instance media-type="image/png" xlink:href="_tex/sample-size-fmri-paper_files/figure-latex/notebooks-figures-correlations-fig-3d-output-1.png"/>
  </item>
  <item item-type="manuscript-supporting-file">
    <instance media-type="image/png" xlink:href="_tex/sample-size-fmri-paper_files/figure-latex/notebooks-figures-correlations-fig-3c-output-1.png"/>
  </item>
  <item item-type="manuscript-supporting-file">
    <instance media-type="image/png" xlink:href="_tex/sample-size-fmri-paper_files/figure-latex/notebooks-figures-correlations-fig-4b-output-1.png"/>
  </item>
  <item item-type="manuscript-supporting-file">
    <instance media-type="image/png" xlink:href="_tex/sample-size-fmri-paper_files/figure-latex/notebooks-figures-correlations-fig-3b-output-1.png"/>
  </item>
  <item item-type="manuscript-supporting-file">
    <instance media-type="image/png" xlink:href="_tex/sample-size-fmri-paper_files/figure-latex/notebooks-figures-correlations-fig-4d-output-1.png"/>
  </item>
  <item item-type="manuscript-supporting-file">
    <instance media-type="image/png" xlink:href="_tex/sample-size-fmri-paper_files/figure-latex/notebooks-figures-correlations-fig-4c-output-1.png"/>
  </item>
  <item item-type="manuscript-supporting-file">
    <instance media-type="image/png" xlink:href="_tex/sample-size-fmri-paper_files/figure-latex/notebooks-figures-correlations-fig-4a-output-1.png"/>
  </item>
  <item item-type="manuscript-supporting-file">
    <instance media-type="image/png" xlink:href="_tex/sample-size-fmri-paper_files/figure-latex/notebooks-figures-correlations-fig-3a-output-1.png"/>
  </item>
  <item item-type="manuscript-supporting-file">
    <instance media-type="image/png" xlink:href="_tex/sample-size-fmri-paper_files/figure-latex/notebooks-figures-cohens_d-fig-1a-output-1.png"/>
  </item>
  <item item-type="manuscript-supporting-file">
    <instance media-type="image/png" xlink:href="_tex/sample-size-fmri-paper_files/figure-latex/notebooks-figures-cohens_d-fig-1-output-1.png"/>
  </item>
  <item item-type="manuscript-supporting-file">
    <instance media-type="image/png" xlink:href="_tex/sample-size-fmri-paper_files/figure-latex/notebooks-figures-correlations-fig-4-output-1.png"/>
  </item>
  <item item-type="manuscript-supporting-file">
    <instance media-type="image/png" xlink:href="_tex/sample-size-fmri-paper_files/figure-latex/notebooks-figures-correlations-fig-3-output-1.png"/>
  </item>
  <item item-type="manuscript-supporting-file">
    <instance media-type="image/png" xlink:href="_tex/sample-size-fmri-paper_files/figure-latex/notebooks-figures-cohens_d-fig-2a-output-1.png"/>
  </item>
  <item item-type="manuscript-supporting-file">
    <instance media-type="application/octet-stream" xlink:href="_tex/references.bib"/>
  </item>
  <item item-type="manuscript-supporting-file">
    <instance media-type="application/octet-stream" xlink:href="notebooks/figures-cohens_d.qmd"/>
  </item>
  <item item-type="manuscript-supporting-file">
    <instance media-type="application/octet-stream" xlink:href="notebooks/figures-correlations.qmd"/>
  </item>
  <item item-type="article-source">
    <instance media-type="application/octet-stream" xlink:href="source/.github/workflows/publish.yml"/>
  </item>
  <item item-type="article-source">
    <instance media-type="application/octet-stream" xlink:href="source/.gitignore"/>
  </item>
  <item item-type="article-source">
    <instance media-type="text/markdown" xlink:href="source/README.md"/>
  </item>
  <item item-type="article-source">
    <instance media-type="application/json" xlink:href="source/_freeze/notebooks/figures-cohens_d/execute-results/html.json"/>
  </item>
  <item item-type="article-source">
    <instance media-type="application/json" xlink:href="source/_freeze/notebooks/figures-cohens_d/execute-results/ipynb.json"/>
  </item>
  <item item-type="article-source">
    <instance media-type="application/json" xlink:href="source/_freeze/notebooks/figures-cohens_d/execute-results/xml.json"/>
  </item>
  <item item-type="article-source">
    <instance media-type="image/png" xlink:href="source/_freeze/notebooks/figures-cohens_d/figure-html/fig-1-1.png"/>
  </item>
  <item item-type="article-source">
    <instance media-type="image/png" xlink:href="source/_freeze/notebooks/figures-cohens_d/figure-html/fig-1a-1.png"/>
  </item>
  <item item-type="article-source">
    <instance media-type="image/png" xlink:href="source/_freeze/notebooks/figures-cohens_d/figure-html/fig-1b-1.png"/>
  </item>
  <item item-type="article-source">
    <instance media-type="image/png" xlink:href="source/_freeze/notebooks/figures-cohens_d/figure-html/fig-1c-1.png"/>
  </item>
  <item item-type="article-source">
    <instance media-type="image/png" xlink:href="source/_freeze/notebooks/figures-cohens_d/figure-html/fig-1d-1.png"/>
  </item>
  <item item-type="article-source">
    <instance media-type="image/png" xlink:href="source/_freeze/notebooks/figures-cohens_d/figure-html/fig-2-1.png"/>
  </item>
  <item item-type="article-source">
    <instance media-type="image/png" xlink:href="source/_freeze/notebooks/figures-cohens_d/figure-html/fig-2a-1.png"/>
  </item>
  <item item-type="article-source">
    <instance media-type="image/png" xlink:href="source/_freeze/notebooks/figures-cohens_d/figure-html/fig-2b-1.png"/>
  </item>
  <item item-type="article-source">
    <instance media-type="image/png" xlink:href="source/_freeze/notebooks/figures-cohens_d/figure-html/fig-2c-1.png"/>
  </item>
  <item item-type="article-source">
    <instance media-type="image/png" xlink:href="source/_freeze/notebooks/figures-cohens_d/figure-html/fig-2d-1.png"/>
  </item>
  <item item-type="article-source">
    <instance media-type="image/png" xlink:href="source/_freeze/notebooks/figures-cohens_d/figure-ipynb/fig-1-1.png"/>
  </item>
  <item item-type="article-source">
    <instance media-type="image/png" xlink:href="source/_freeze/notebooks/figures-cohens_d/figure-ipynb/fig-1a-1.png"/>
  </item>
  <item item-type="article-source">
    <instance media-type="image/png" xlink:href="source/_freeze/notebooks/figures-cohens_d/figure-ipynb/fig-1b-1.png"/>
  </item>
  <item item-type="article-source">
    <instance media-type="image/png" xlink:href="source/_freeze/notebooks/figures-cohens_d/figure-ipynb/fig-1c-1.png"/>
  </item>
  <item item-type="article-source">
    <instance media-type="image/png" xlink:href="source/_freeze/notebooks/figures-cohens_d/figure-ipynb/fig-1d-1.png"/>
  </item>
  <item item-type="article-source">
    <instance media-type="image/png" xlink:href="source/_freeze/notebooks/figures-cohens_d/figure-ipynb/fig-2-1.png"/>
  </item>
  <item item-type="article-source">
    <instance media-type="image/png" xlink:href="source/_freeze/notebooks/figures-cohens_d/figure-ipynb/fig-2a-1.png"/>
  </item>
  <item item-type="article-source">
    <instance media-type="image/png" xlink:href="source/_freeze/notebooks/figures-cohens_d/figure-ipynb/fig-2b-1.png"/>
  </item>
  <item item-type="article-source">
    <instance media-type="image/png" xlink:href="source/_freeze/notebooks/figures-cohens_d/figure-ipynb/fig-2c-1.png"/>
  </item>
  <item item-type="article-source">
    <instance media-type="image/png" xlink:href="source/_freeze/notebooks/figures-cohens_d/figure-ipynb/fig-2d-1.png"/>
  </item>
  <item item-type="article-source">
    <instance media-type="application/json" xlink:href="source/_freeze/notebooks/figures-correlations/execute-results/html.json"/>
  </item>
  <item item-type="article-source">
    <instance media-type="application/json" xlink:href="source/_freeze/notebooks/figures-correlations/execute-results/ipynb.json"/>
  </item>
  <item item-type="article-source">
    <instance media-type="application/json" xlink:href="source/_freeze/notebooks/figures-correlations/execute-results/xml.json"/>
  </item>
  <item item-type="article-source">
    <instance media-type="image/png" xlink:href="source/_freeze/notebooks/figures-correlations/figure-html/Figure 3a-1.png"/>
  </item>
  <item item-type="article-source">
    <instance media-type="image/png" xlink:href="source/_freeze/notebooks/figures-correlations/figure-html/fig-3-1.png"/>
  </item>
  <item item-type="article-source">
    <instance media-type="image/png" xlink:href="source/_freeze/notebooks/figures-correlations/figure-html/fig-3-total-1.png"/>
  </item>
  <item item-type="article-source">
    <instance media-type="image/png" xlink:href="source/_freeze/notebooks/figures-correlations/figure-html/fig-3a-1.png"/>
  </item>
  <item item-type="article-source">
    <instance media-type="image/png" xlink:href="source/_freeze/notebooks/figures-correlations/figure-html/fig-3b-1.png"/>
  </item>
  <item item-type="article-source">
    <instance media-type="image/png" xlink:href="source/_freeze/notebooks/figures-correlations/figure-html/fig-3c-1.png"/>
  </item>
  <item item-type="article-source">
    <instance media-type="image/png" xlink:href="source/_freeze/notebooks/figures-correlations/figure-html/fig-3d-1.png"/>
  </item>
  <item item-type="article-source">
    <instance media-type="image/png" xlink:href="source/_freeze/notebooks/figures-correlations/figure-html/fig-4-1.png"/>
  </item>
  <item item-type="article-source">
    <instance media-type="image/png" xlink:href="source/_freeze/notebooks/figures-correlations/figure-html/fig-4a-1.png"/>
  </item>
  <item item-type="article-source">
    <instance media-type="image/png" xlink:href="source/_freeze/notebooks/figures-correlations/figure-html/fig-4b-1.png"/>
  </item>
  <item item-type="article-source">
    <instance media-type="image/png" xlink:href="source/_freeze/notebooks/figures-correlations/figure-html/fig-4c-1.png"/>
  </item>
  <item item-type="article-source">
    <instance media-type="image/png" xlink:href="source/_freeze/notebooks/figures-correlations/figure-html/fig-4d-1.png"/>
  </item>
  <item item-type="article-source">
    <instance media-type="image/png" xlink:href="source/_freeze/notebooks/figures-correlations/figure-ipynb/fig-3a-1.png"/>
  </item>
  <item item-type="article-source">
    <instance media-type="image/png" xlink:href="source/_freeze/notebooks/figures-correlations/figure-ipynb/fig-3b-1.png"/>
  </item>
  <item item-type="article-source">
    <instance media-type="image/png" xlink:href="source/_freeze/notebooks/figures-correlations/figure-ipynb/fig-3c-1.png"/>
  </item>
  <item item-type="article-source">
    <instance media-type="image/png" xlink:href="source/_freeze/notebooks/figures-correlations/figure-ipynb/fig-3d-1.png"/>
  </item>
  <item item-type="article-source">
    <instance media-type="image/png" xlink:href="source/_freeze/notebooks/figures-correlations/figure-ipynb/fig-4a-1.png"/>
  </item>
  <item item-type="article-source">
    <instance media-type="image/png" xlink:href="source/_freeze/notebooks/figures-correlations/figure-ipynb/fig-4b-1.png"/>
  </item>
  <item item-type="article-source">
    <instance media-type="image/png" xlink:href="source/_freeze/notebooks/figures-correlations/figure-ipynb/fig-4c-1.png"/>
  </item>
  <item item-type="article-source">
    <instance media-type="image/png" xlink:href="source/_freeze/notebooks/figures-correlations/figure-ipynb/fig-4d-1.png"/>
  </item>
  <item item-type="article-source">
    <instance media-type="text/css" xlink:href="source/_freeze/notebooks/figures-correlations/libs/bootstrap/bootstrap-icons.css"/>
  </item>
  <item item-type="article-source">
    <instance media-type="application/font-woff" xlink:href="source/_freeze/notebooks/figures-correlations/libs/bootstrap/bootstrap-icons.woff"/>
  </item>
  <item item-type="article-source">
    <instance media-type="text/css" xlink:href="source/_freeze/notebooks/figures-correlations/libs/bootstrap/bootstrap.min.css"/>
  </item>
  <item item-type="article-source">
    <instance media-type="application/javascript" xlink:href="source/_freeze/notebooks/figures-correlations/libs/bootstrap/bootstrap.min.js"/>
  </item>
  <item item-type="article-source">
    <instance media-type="application/javascript" xlink:href="source/_freeze/notebooks/figures-correlations/libs/clipboard/clipboard.min.js"/>
  </item>
  <item item-type="article-source">
    <instance media-type="application/javascript" xlink:href="source/_freeze/notebooks/figures-correlations/libs/quarto-html/anchor.min.js"/>
  </item>
  <item item-type="article-source">
    <instance media-type="application/javascript" xlink:href="source/_freeze/notebooks/figures-correlations/libs/quarto-html/popper.min.js"/>
  </item>
  <item item-type="article-source">
    <instance media-type="text/css" xlink:href="source/_freeze/notebooks/figures-correlations/libs/quarto-html/quarto-syntax-highlighting.css"/>
  </item>
  <item item-type="article-source">
    <instance media-type="application/javascript" xlink:href="source/_freeze/notebooks/figures-correlations/libs/quarto-html/quarto.js"/>
  </item>
  <item item-type="article-source">
    <instance media-type="text/css" xlink:href="source/_freeze/notebooks/figures-correlations/libs/quarto-html/tippy.css"/>
  </item>
  <item item-type="article-source">
    <instance media-type="application/javascript" xlink:href="source/_freeze/notebooks/figures-correlations/libs/quarto-html/tippy.umd.min.js"/>
  </item>
  <item item-type="article-source">
    <instance media-type="text/css" xlink:href="source/_freeze/site_libs/bootstrap/bootstrap-icons.css"/>
  </item>
  <item item-type="article-source">
    <instance media-type="application/font-woff" xlink:href="source/_freeze/site_libs/bootstrap/bootstrap-icons.woff"/>
  </item>
  <item item-type="article-source">
    <instance media-type="text/css" xlink:href="source/_freeze/site_libs/bootstrap/bootstrap.min.css"/>
  </item>
  <item item-type="article-source">
    <instance media-type="application/javascript" xlink:href="source/_freeze/site_libs/bootstrap/bootstrap.min.js"/>
  </item>
  <item item-type="article-source">
    <instance media-type="application/javascript" xlink:href="source/_freeze/site_libs/clipboard/clipboard.min.js"/>
  </item>
  <item item-type="article-source">
    <instance media-type="application/javascript" xlink:href="source/_freeze/site_libs/manuscript-notebook/headroom.min.js"/>
  </item>
  <item item-type="article-source">
    <instance media-type="text/css" xlink:href="source/_freeze/site_libs/quarto-contrib/glightbox/glightbox.min.css"/>
  </item>
  <item item-type="article-source">
    <instance media-type="application/javascript" xlink:href="source/_freeze/site_libs/quarto-contrib/glightbox/glightbox.min.js"/>
  </item>
  <item item-type="article-source">
    <instance media-type="text/css" xlink:href="source/_freeze/site_libs/quarto-contrib/glightbox/lightbox.css"/>
  </item>
  <item item-type="article-source">
    <instance media-type="application/javascript" xlink:href="source/_freeze/site_libs/quarto-html/anchor.min.js"/>
  </item>
  <item item-type="article-source">
    <instance media-type="application/javascript" xlink:href="source/_freeze/site_libs/quarto-html/popper.min.js"/>
  </item>
  <item item-type="article-source">
    <instance media-type="text/css" xlink:href="source/_freeze/site_libs/quarto-html/quarto-syntax-highlighting-dark.css"/>
  </item>
  <item item-type="article-source">
    <instance media-type="text/css" xlink:href="source/_freeze/site_libs/quarto-html/quarto-syntax-highlighting.css"/>
  </item>
  <item item-type="article-source">
    <instance media-type="application/javascript" xlink:href="source/_freeze/site_libs/quarto-html/quarto.js"/>
  </item>
  <item item-type="article-source">
    <instance media-type="text/css" xlink:href="source/_freeze/site_libs/quarto-html/tippy.css"/>
  </item>
  <item item-type="article-source">
    <instance media-type="application/javascript" xlink:href="source/_freeze/site_libs/quarto-html/tippy.umd.min.js"/>
  </item>
  <item item-type="article-source">
    <instance media-type="application/octet-stream" xlink:href="source/_quarto.yml"/>
  </item>
  <item item-type="article-source">
    <instance media-type="application/octet-stream" xlink:href="source/notebooks/figures-cohens_d.qmd"/>
  </item>
  <item item-type="article-source">
    <instance media-type="application/octet-stream" xlink:href="source/notebooks/figures-correlations.qmd"/>
  </item>
  <item item-type="article-source">
    <instance media-type="application/octet-stream" xlink:href="source/references.bib"/>
  </item>
  <item item-type="article-source">
    <instance media-type="application/octet-stream" xlink:href="source/reproducible-paper.Rproj"/>
  </item>
  <item item-type="article-source">
    <instance media-type="application/octet-stream" xlink:href="source/sample-size-fmri-paper.qmd"/>
  </item>
  <item item-type="article-source-directory">
    <instance media-type="application/x-directory" xlink:href="source"/>
  </item>
</manifest>