<?xml version="1.0" encoding="UTF-8"?>
<!DOCTYPE manifest PUBLIC "-//MECA//DTD Manifest v1.0//en" "MECA_manifest.dtd">
<manifest manifest-version="1" xmlns="https://manuscriptexchange.org/schema/manifest" xmlns:xlink="http://www.w3.org/1999/xlink">
  <item item-type="article-metadata">
    <instance media-type="text/xml" xlink:href="sample-size-fmri-paper.xml"/>
  </item>
  <item item-type="manuscript">
    <instance media-type="application/pdf" xlink:href="sample-size-fmri-paper.pdf"/>
  </item>
  <item item-type="manuscript">
    <instance media-type="application/vnd.openxmlformats-officedocument.wordprocessingml.document" xlink:href="sample-size-fmri-paper.docx"/>
  </item>
  <item item-type="manuscript">
    <instance media-type="text/plain" xlink:href="_tex/sample-size-fmri-paper.tex"/>
  </item>
  <item item-type="manuscript-supporting-file">
    <instance media-type="image/png" xlink:href="sample-size-fmri-paper_files/figure-jats/notebooks-figures-cohens_d-fig-1b-output-1.png"/>
  </item>
  <item item-type="manuscript-supporting-file">
    <instance media-type="image/png" xlink:href="sample-size-fmri-paper_files/figure-jats/notebooks-figures-cohens_d-fig-2d-output-1.png"/>
  </item>
  <item item-type="manuscript-supporting-file">
    <instance media-type="image/png" xlink:href="sample-size-fmri-paper_files/figure-jats/notebooks-figures-cohens_d-fig-2c-output-1.png"/>
  </item>
  <item item-type="manuscript-supporting-file">
    <instance media-type="image/png" xlink:href="sample-size-fmri-paper_files/figure-jats/notebooks-figures-cohens_d-fig-2-output-1.png"/>
  </item>
  <item item-type="manuscript-supporting-file">
    <instance media-type="image/png" xlink:href="sample-size-fmri-paper_files/figure-jats/notebooks-figures-cohens_d-fig-1c-output-1.png"/>
  </item>
  <item item-type="manuscript-supporting-file">
    <instance media-type="image/png" xlink:href="sample-size-fmri-paper_files/figure-jats/notebooks-figures-cohens_d-fig-1d-output-1.png"/>
  </item>
  <item item-type="manuscript-supporting-file">
    <instance media-type="image/png" xlink:href="sample-size-fmri-paper_files/figure-jats/notebooks-figures-cohens_d-fig-2b-output-1.png"/>
  </item>
  <item item-type="manuscript-supporting-file">
    <instance media-type="image/png" xlink:href="sample-size-fmri-paper_files/figure-jats/notebooks-figures-correlations-fig-3d-output-1.png"/>
  </item>
  <item item-type="manuscript-supporting-file">
    <instance media-type="image/png" xlink:href="sample-size-fmri-paper_files/figure-jats/notebooks-figures-correlations-fig-3c-output-1.png"/>
  </item>
  <item item-type="manuscript-supporting-file">
    <instance media-type="image/png" xlink:href="sample-size-fmri-paper_files/figure-jats/notebooks-figures-correlations-fig-4b-output-1.png"/>
  </item>
  <item item-type="manuscript-supporting-file">
    <instance media-type="image/png" xlink:href="sample-size-fmri-paper_files/figure-jats/notebooks-figures-correlations-fig-3b-output-1.png"/>
  </item>
  <item item-type="manuscript-supporting-file">
    <instance media-type="image/png" xlink:href="sample-size-fmri-paper_files/figure-jats/notebooks-figures-correlations-fig-4d-output-1.png"/>
  </item>
  <item item-type="manuscript-supporting-file">
    <instance media-type="image/png" xlink:href="sample-size-fmri-paper_files/figure-jats/notebooks-figures-correlations-fig-4c-output-1.png"/>
  </item>
  <item item-type="manuscript-supporting-file">
    <instance media-type="image/png" xlink:href="sample-size-fmri-paper_files/figure-jats/notebooks-figures-correlations-fig-4a-output-1.png"/>
  </item>
  <item item-type="manuscript-supporting-file">
    <instance media-type="image/png" xlink:href="sample-size-fmri-paper_files/figure-jats/notebooks-figures-correlations-fig-3a-output-1.png"/>
  </item>
  <item item-type="manuscript-supporting-file">
    <instance media-type="image/png" xlink:href="sample-size-fmri-paper_files/figure-jats/notebooks-figures-cohens_d-fig-1a-output-1.png"/>
  </item>
  <item item-type="manuscript-supporting-file">
    <instance media-type="image/png" xlink:href="sample-size-fmri-paper_files/figure-jats/notebooks-figures-cohens_d-fig-1-output-1.png"/>
  </item>
  <item item-type="manuscript-supporting-file">
    <instance media-type="image/png" xlink:href="sample-size-fmri-paper_files/figure-jats/notebooks-figures-correlations-fig-4-output-1.png"/>
  </item>
  <item item-type="manuscript-supporting-file">
    <instance media-type="image/png" xlink:href="sample-size-fmri-paper_files/figure-jats/notebooks-figures-correlations-fig-3-output-1.png"/>
  </item>
  <item item-type="manuscript-supporting-file">
    <instance media-type="image/png" xlink:href="sample-size-fmri-paper_files/figure-jats/notebooks-figures-cohens_d-fig-2a-output-1.png"/>
  </item>
  <item item-type="manuscript-supporting-file">
    <instance media-type="image/png" xlink:href="figures-cohens_d_files/figure-html/fig-2c-1.png"/>
  </item>
  <item item-type="manuscript-supporting-file">
    <instance media-type="image/png" xlink:href="figures-cohens_d_files/figure-html/fig-2a-1.png"/>
  </item>
  <item item-type="manuscript-supporting-file">
    <instance media-type="image/png" xlink:href="figures-cohens_d_files/figure-html/fig-2d-1.png"/>
  </item>
  <item item-type="manuscript-supporting-file">
    <instance media-type="image/png" xlink:href="figures-cohens_d_files/figure-html/fig-2b-1.png"/>
  </item>
  <item item-type="manuscript-supporting-file">
    <instance media-type="image/png" xlink:href="figures-cohens_d_files/figure-html/fig-1c-1.png"/>
  </item>
  <item item-type="manuscript-supporting-file">
    <instance media-type="image/png" xlink:href="figures-cohens_d_files/figure-html/fig-1a-1.png"/>
  </item>
  <item item-type="manuscript-supporting-file">
    <instance media-type="image/png" xlink:href="figures-cohens_d_files/figure-html/fig-1-1.png"/>
  </item>
  <item item-type="manuscript-supporting-file">
    <instance media-type="image/png" xlink:href="figures-cohens_d_files/figure-html/fig-1b-1.png"/>
  </item>
  <item item-type="manuscript-supporting-file">
    <instance media-type="image/png" xlink:href="figures-cohens_d_files/figure-html/fig-1d-1.png"/>
  </item>
  <item item-type="manuscript-supporting-file">
    <instance media-type="image/png" xlink:href="figures-cohens_d_files/figure-html/fig-2-1.png"/>
  </item>
  <item item-type="manuscript-supporting-file">
    <instance media-type="image/png" xlink:href="figures-cohens_d_files/figure-ipynb/fig-2c-1.png"/>
  </item>
  <item item-type="manuscript-supporting-file">
    <instance media-type="image/png" xlink:href="figures-cohens_d_files/figure-ipynb/fig-2a-1.png"/>
  </item>
  <item item-type="manuscript-supporting-file">
    <instance media-type="image/png" xlink:href="figures-cohens_d_files/figure-ipynb/fig-2d-1.png"/>
  </item>
  <item item-type="manuscript-supporting-file">
    <instance media-type="image/png" xlink:href="figures-cohens_d_files/figure-ipynb/fig-2b-1.png"/>
  </item>
  <item item-type="manuscript-supporting-file">
    <instance media-type="image/png" xlink:href="figures-cohens_d_files/figure-ipynb/fig-1c-1.png"/>
  </item>
  <item item-type="manuscript-supporting-file">
    <instance media-type="image/png" xlink:href="figures-cohens_d_files/figure-ipynb/fig-1a-1.png"/>
  </item>
  <item item-type="manuscript-supporting-file">
    <instance media-type="image/png" xlink:href="figures-cohens_d_files/figure-ipynb/fig-1-1.png"/>
  </item>
  <item item-type="manuscript-supporting-file">
    <instance media-type="image/png" xlink:href="figures-cohens_d_files/figure-ipynb/fig-1b-1.png"/>
  </item>
  <item item-type="manuscript-supporting-file">
    <instance media-type="image/png" xlink:href="figures-cohens_d_files/figure-ipynb/fig-1d-1.png"/>
  </item>
  <item item-type="manuscript-supporting-file">
    <instance media-type="image/png" xlink:href="figures-cohens_d_files/figure-ipynb/fig-2-1.png"/>
  </item>
  <item item-type="manuscript-supporting-file">
    <instance media-type="image/png" xlink:href="figures-correlations_files/figure-html/fig-3-total-1.png"/>
  </item>
  <item item-type="manuscript-supporting-file">
    <instance media-type="image/png" xlink:href="figures-correlations_files/figure-html/fig-4d-1.png"/>
  </item>
  <item item-type="manuscript-supporting-file">
    <instance media-type="image/png" xlink:href="figures-correlations_files/figure-html/fig-4b-1.png"/>
  </item>
  <item item-type="manuscript-supporting-file">
    <instance media-type="image/png" xlink:href="figures-correlations_files/figure-html/Figure 3a-1.png"/>
  </item>
  <item item-type="manuscript-supporting-file">
    <instance media-type="image/png" xlink:href="figures-correlations_files/figure-html/fig-4a-1.png"/>
  </item>
  <item item-type="manuscript-supporting-file">
    <instance media-type="image/png" xlink:href="figures-correlations_files/figure-html/fig-4c-1.png"/>
  </item>
  <item item-type="manuscript-supporting-file">
    <instance media-type="image/png" xlink:href="figures-correlations_files/figure-html/fig-3a-1.png"/>
  </item>
  <item item-type="manuscript-supporting-file">
    <instance media-type="image/png" xlink:href="figures-correlations_files/figure-html/fig-3-1.png"/>
  </item>
  <item item-type="manuscript-supporting-file">
    <instance media-type="image/png" xlink:href="figures-correlations_files/figure-html/fig-3c-1.png"/>
  </item>
  <item item-type="manuscript-supporting-file">
    <instance media-type="image/png" xlink:href="figures-correlations_files/figure-html/fig-3d-1.png"/>
  </item>
  <item item-type="manuscript-supporting-file">
    <instance media-type="image/png" xlink:href="figures-correlations_files/figure-html/fig-4-1.png"/>
  </item>
  <item item-type="manuscript-supporting-file">
    <instance media-type="image/png" xlink:href="figures-correlations_files/figure-html/fig-3b-1.png"/>
  </item>
  <item item-type="manuscript-supporting-file">
    <instance media-type="text/css" xlink:href="figures-correlations_files/libs/bootstrap/bootstrap.min.css"/>
  </item>
  <item item-type="manuscript-supporting-file">
    <instance media-type="text/css" xlink:href="figures-correlations_files/libs/bootstrap/bootstrap-icons.css"/>
  </item>
  <item item-type="manuscript-supporting-file">
    <instance media-type="application/javascript" xlink:href="figures-correlations_files/libs/bootstrap/bootstrap.min.js"/>
  </item>
  <item item-type="manuscript-supporting-file">
    <instance media-type="application/font-woff" xlink:href="figures-correlations_files/libs/bootstrap/bootstrap-icons.woff"/>
  </item>
  <item item-type="manuscript-supporting-file">
    <instance media-type="application/javascript" xlink:href="figures-correlations_files/libs/quarto-html/quarto.js"/>
  </item>
  <item item-type="manuscript-supporting-file">
    <instance media-type="text/css" xlink:href="figures-correlations_files/libs/quarto-html/quarto-syntax-highlighting.css"/>
  </item>
  <item item-type="manuscript-supporting-file">
    <instance media-type="text/css" xlink:href="figures-correlations_files/libs/quarto-html/tippy.css"/>
  </item>
  <item item-type="manuscript-supporting-file">
    <instance media-type="application/javascript" xlink:href="figures-correlations_files/libs/quarto-html/tippy.umd.min.js"/>
  </item>
  <item item-type="manuscript-supporting-file">
    <instance media-type="application/javascript" xlink:href="figures-correlations_files/libs/quarto-html/anchor.min.js"/>
  </item>
  <item item-type="manuscript-supporting-file">
    <instance media-type="application/javascript" xlink:href="figures-correlations_files/libs/quarto-html/popper.min.js"/>
  </item>
  <item item-type="manuscript-supporting-file">
    <instance media-type="application/javascript" xlink:href="figures-correlations_files/libs/clipboard/clipboard.min.js"/>
  </item>
  <item item-type="manuscript-supporting-file">
    <instance media-type="image/png" xlink:href="figures-correlations_files/figure-ipynb/fig-4d-1.png"/>
  </item>
  <item item-type="manuscript-supporting-file">
    <instance media-type="image/png" xlink:href="figures-correlations_files/figure-ipynb/fig-4b-1.png"/>
  </item>
  <item item-type="manuscript-supporting-file">
    <instance media-type="image/png" xlink:href="figures-correlations_files/figure-ipynb/fig-4a-1.png"/>
  </item>
  <item item-type="manuscript-supporting-file">
    <instance media-type="image/png" xlink:href="figures-correlations_files/figure-ipynb/fig-4c-1.png"/>
  </item>
  <item item-type="manuscript-supporting-file">
    <instance media-type="image/png" xlink:href="figures-correlations_files/figure-ipynb/fig-3a-1.png"/>
  </item>
  <item item-type="manuscript-supporting-file">
    <instance media-type="image/png" xlink:href="figures-correlations_files/figure-ipynb/fig-3c-1.png"/>
  </item>
  <item item-type="manuscript-supporting-file">
    <instance media-type="image/png" xlink:href="figures-correlations_files/figure-ipynb/fig-3d-1.png"/>
  </item>
  <item item-type="manuscript-supporting-file">
    <instance media-type="image/png" xlink:href="figures-correlations_files/figure-ipynb/fig-3b-1.png"/>
  </item>
  <item item-type="manuscript-supporting-file">
    <instance media-type="image/png" xlink:href="_tex/sample-size-fmri-paper_files/figure-latex/notebooks-figures-cohens_d-fig-1b-output-1.png"/>
  </item>
  <item item-type="manuscript-supporting-file">
    <instance media-type="image/png" xlink:href="_tex/sample-size-fmri-paper_files/figure-latex/notebooks-figures-cohens_d-fig-2d-output-1.png"/>
  </item>
  <item item-type="manuscript-supporting-file">
    <instance media-type="image/png" xlink:href="_tex/sample-size-fmri-paper_files/figure-latex/notebooks-figures-cohens_d-fig-2c-output-1.png"/>
  </item>
  <item item-type="manuscript-supporting-file">
    <instance media-type="image/png" xlink:href="_tex/sample-size-fmri-paper_files/figure-latex/notebooks-figures-cohens_d-fig-2-output-1.png"/>
  </item>
  <item item-type="manuscript-supporting-file">
    <instance media-type="image/png" xlink:href="_tex/sample-size-fmri-paper_files/figure-latex/notebooks-figures-cohens_d-fig-1c-output-1.png"/>
  </item>
  <item item-type="manuscript-supporting-file">
    <instance media-type="image/png" xlink:href="_tex/sample-size-fmri-paper_files/figure-latex/notebooks-figures-cohens_d-fig-1d-output-1.png"/>
  </item>
  <item item-type="manuscript-supporting-file">
    <instance media-type="image/png" xlink:href="_tex/sample-size-fmri-paper_files/figure-latex/notebooks-figures-cohens_d-fig-2b-output-1.png"/>
  </item>
  <item item-type="manuscript-supporting-file">
    <instance media-type="image/png" xlink:href="_tex/sample-size-fmri-paper_files/figure-latex/notebooks-figures-correlations-fig-3d-output-1.png"/>
  </item>
  <item item-type="manuscript-supporting-file">
    <instance media-type="image/png" xlink:href="_tex/sample-size-fmri-paper_files/figure-latex/notebooks-figures-correlations-fig-3c-output-1.png"/>
  </item>
  <item item-type="manuscript-supporting-file">
    <instance media-type="image/png" xlink:href="_tex/sample-size-fmri-paper_files/figure-latex/notebooks-figures-correlations-fig-4b-output-1.png"/>
  </item>
  <item item-type="manuscript-supporting-file">
    <instance media-type="image/png" xlink:href="_tex/sample-size-fmri-paper_files/figure-latex/notebooks-figures-correlations-fig-3b-output-1.png"/>
  </item>
  <item item-type="manuscript-supporting-file">
    <instance media-type="image/png" xlink:href="_tex/sample-size-fmri-paper_files/figure-latex/notebooks-figures-correlations-fig-4d-output-1.png"/>
  </item>
  <item item-type="manuscript-supporting-file">
    <instance media-type="image/png" xlink:href="_tex/sample-size-fmri-paper_files/figure-latex/notebooks-figures-correlations-fig-4c-output-1.png"/>
  </item>
  <item item-type="manuscript-supporting-file">
    <instance media-type="image/png" xlink:href="_tex/sample-size-fmri-paper_files/figure-latex/notebooks-figures-correlations-fig-4a-output-1.png"/>
  </item>
  <item item-type="manuscript-supporting-file">
    <instance media-type="image/png" xlink:href="_tex/sample-size-fmri-paper_files/figure-latex/notebooks-figures-correlations-fig-3a-output-1.png"/>
  </item>
  <item item-type="manuscript-supporting-file">
    <instance media-type="image/png" xlink:href="_tex/sample-size-fmri-paper_files/figure-latex/notebooks-figures-cohens_d-fig-1a-output-1.png"/>
  </item>
  <item item-type="manuscript-supporting-file">
    <instance media-type="image/png" xlink:href="_tex/sample-size-fmri-paper_files/figure-latex/notebooks-figures-cohens_d-fig-1-output-1.png"/>
  </item>
  <item item-type="manuscript-supporting-file">
    <instance media-type="image/png" xlink:href="_tex/sample-size-fmri-paper_files/figure-latex/notebooks-figures-correlations-fig-4-output-1.png"/>
  </item>
  <item item-type="manuscript-supporting-file">
    <instance media-type="image/png" xlink:href="_tex/sample-size-fmri-paper_files/figure-latex/notebooks-figures-correlations-fig-3-output-1.png"/>
  </item>
  <item item-type="manuscript-supporting-file">
    <instance media-type="image/png" xlink:href="_tex/sample-size-fmri-paper_files/figure-latex/notebooks-figures-cohens_d-fig-2a-output-1.png"/>
  </item>
  <item item-type="manuscript-supporting-file">
    <instance media-type="application/octet-stream" xlink:href="_tex/references.bib"/>
  </item>
  <item item-type="manuscript-supporting-file">
    <instance media-type="application/octet-stream" xlink:href="notebooks/figures-cohens_d.qmd"/>
  </item>
  <item item-type="manuscript-supporting-file">
    <instance media-type="application/octet-stream" xlink:href="notebooks/figures-correlations.qmd"/>
  </item>
  <item item-type="article-source">
    <instance media-type="application/octet-stream" xlink:href="source/.DS_Store"/>
  </item>
  <item item-type="article-source">
    <instance media-type="application/octet-stream" xlink:href="source/.Rhistory"/>
  </item>
  <item item-type="article-source">
    <instance media-type="application/octet-stream" xlink:href="source/.Rproj.user/61FBC8AB/bibliography-index/biblio-files"/>
  </item>
  <item item-type="article-source">
    <instance media-type="application/octet-stream" xlink:href="source/.Rproj.user/61FBC8AB/bibliography-index/biblio-refblock"/>
  </item>
  <item item-type="article-source">
    <instance media-type="application/json" xlink:href="source/.Rproj.user/61FBC8AB/bibliography-index/biblio.json"/>
  </item>
  <item item-type="article-source">
    <instance media-type="application/json" xlink:href="source/.Rproj.user/61FBC8AB/jobs/23900349-output.json"/>
  </item>
  <item item-type="article-source">
    <instance media-type="application/json" xlink:href="source/.Rproj.user/61FBC8AB/jobs/30622F5F-output.json"/>
  </item>
  <item item-type="article-source">
    <instance media-type="application/json" xlink:href="source/.Rproj.user/61FBC8AB/jobs/7B1C1D9A-output.json"/>
  </item>
  <item item-type="article-source">
    <instance media-type="application/json" xlink:href="source/.Rproj.user/61FBC8AB/jobs/8675EE10-output.json"/>
  </item>
  <item item-type="article-source">
    <instance media-type="application/json" xlink:href="source/.Rproj.user/61FBC8AB/jobs/9D2EB2EB-output.json"/>
  </item>
  <item item-type="article-source">
    <instance media-type="application/json" xlink:href="source/.Rproj.user/61FBC8AB/jobs/BE8E4BF3-output.json"/>
  </item>
  <item item-type="article-source">
    <instance media-type="application/octet-stream" xlink:href="source/.Rproj.user/61FBC8AB/pcs/files-pane.pper"/>
  </item>
  <item item-type="article-source">
    <instance media-type="application/octet-stream" xlink:href="source/.Rproj.user/61FBC8AB/pcs/source-pane.pper"/>
  </item>
  <item item-type="article-source">
    <instance media-type="application/octet-stream" xlink:href="source/.Rproj.user/61FBC8AB/pcs/windowlayoutstate.pper"/>
  </item>
  <item item-type="article-source">
    <instance media-type="application/octet-stream" xlink:href="source/.Rproj.user/61FBC8AB/pcs/workbench-pane.pper"/>
  </item>
  <item item-type="article-source">
    <instance media-type="application/octet-stream" xlink:href="source/.Rproj.user/61FBC8AB/quarto-crossref-qmd/C57040C7"/>
  </item>
  <item item-type="article-source">
    <instance media-type="application/octet-stream" xlink:href="source/.Rproj.user/61FBC8AB/quarto-crossref-qmd/INDEX"/>
  </item>
  <item item-type="article-source">
    <instance media-type="application/octet-stream" xlink:href="source/.Rproj.user/61FBC8AB/rmd-outputs"/>
  </item>
  <item item-type="article-source">
    <instance media-type="application/octet-stream" xlink:href="source/.Rproj.user/61FBC8AB/saved_source_markers"/>
  </item>
  <item item-type="article-source">
    <instance media-type="application/octet-stream" xlink:href="source/.Rproj.user/61FBC8AB/sources/prop/0DC25F6E"/>
  </item>
  <item item-type="article-source">
    <instance media-type="application/octet-stream" xlink:href="source/.Rproj.user/61FBC8AB/sources/prop/39DB9314"/>
  </item>
  <item item-type="article-source">
    <instance media-type="application/octet-stream" xlink:href="source/.Rproj.user/61FBC8AB/sources/prop/3BC505AF"/>
  </item>
  <item item-type="article-source">
    <instance media-type="application/octet-stream" xlink:href="source/.Rproj.user/61FBC8AB/sources/prop/9D11C2E3"/>
  </item>
  <item item-type="article-source">
    <instance media-type="application/octet-stream" xlink:href="source/.Rproj.user/61FBC8AB/sources/prop/B1ED5D21"/>
  </item>
  <item item-type="article-source">
    <instance media-type="application/octet-stream" xlink:href="source/.Rproj.user/61FBC8AB/sources/prop/INDEX"/>
  </item>
  <item item-type="article-source">
    <instance media-type="application/json" xlink:href="source/.Rproj.user/shared/notebooks/F81ACFFF-figures-correlations/1/61FBC8AB2433b679/chunks.json"/>
  </item>
  <item item-type="article-source">
    <instance media-type="application/json" xlink:href="source/.Rproj.user/shared/notebooks/F81ACFFF-figures-correlations/1/s/chunks.json"/>
  </item>
  <item item-type="article-source">
    <instance media-type="application/json" xlink:href="source/.Rproj.user/shared/notebooks/FE74437F-figures-cohens_d/1/61FBC8AB2433b679/chunks.json"/>
  </item>
  <item item-type="article-source">
    <instance media-type="application/json" xlink:href="source/.Rproj.user/shared/notebooks/FE74437F-figures-cohens_d/1/61FBC8AB495c0b6f/chunks.json"/>
  </item>
  <item item-type="article-source">
    <instance media-type="application/json" xlink:href="source/.Rproj.user/shared/notebooks/FE74437F-figures-cohens_d/1/61FBC8AB8d3ebbf0/chunks.json"/>
  </item>
  <item item-type="article-source">
    <instance media-type="application/json" xlink:href="source/.Rproj.user/shared/notebooks/FE74437F-figures-cohens_d/1/s/chunks.json"/>
  </item>
  <item item-type="article-source">
    <instance media-type="application/octet-stream" xlink:href="source/.Rproj.user/shared/notebooks/patch-chunk-names"/>
  </item>
  <item item-type="article-source">
    <instance media-type="application/octet-stream" xlink:href="source/.Rproj.user/shared/notebooks/paths"/>
  </item>
  <item item-type="article-source">
    <instance media-type="application/octet-stream" xlink:href="source/.github/workflows/publish.yml"/>
  </item>
  <item item-type="article-source">
    <instance media-type="application/octet-stream" xlink:href="source/.gitignore"/>
  </item>
  <item item-type="article-source">
    <instance media-type="application/json" xlink:href="source/.quarto/_freeze/notebooks/figures-cohens_d/execute-results/html.json"/>
  </item>
  <item item-type="article-source">
    <instance media-type="application/json" xlink:href="source/.quarto/_freeze/notebooks/figures-correlations/execute-results/html.json"/>
  </item>
  <item item-type="article-source">
    <instance media-type="text/css" xlink:href="source/.quarto/_freeze/notebooks/figures-correlations/libs/bootstrap/bootstrap-icons.css"/>
  </item>
  <item item-type="article-source">
    <instance media-type="application/font-woff" xlink:href="source/.quarto/_freeze/notebooks/figures-correlations/libs/bootstrap/bootstrap-icons.woff"/>
  </item>
  <item item-type="article-source">
    <instance media-type="text/css" xlink:href="source/.quarto/_freeze/notebooks/figures-correlations/libs/bootstrap/bootstrap.min.css"/>
  </item>
  <item item-type="article-source">
    <instance media-type="application/javascript" xlink:href="source/.quarto/_freeze/notebooks/figures-correlations/libs/bootstrap/bootstrap.min.js"/>
  </item>
  <item item-type="article-source">
    <instance media-type="application/javascript" xlink:href="source/.quarto/_freeze/notebooks/figures-correlations/libs/clipboard/clipboard.min.js"/>
  </item>
  <item item-type="article-source">
    <instance media-type="application/javascript" xlink:href="source/.quarto/_freeze/notebooks/figures-correlations/libs/quarto-html/anchor.min.js"/>
  </item>
  <item item-type="article-source">
    <instance media-type="application/javascript" xlink:href="source/.quarto/_freeze/notebooks/figures-correlations/libs/quarto-html/popper.min.js"/>
  </item>
  <item item-type="article-source">
    <instance media-type="text/css" xlink:href="source/.quarto/_freeze/notebooks/figures-correlations/libs/quarto-html/quarto-syntax-highlighting.css"/>
  </item>
  <item item-type="article-source">
    <instance media-type="application/javascript" xlink:href="source/.quarto/_freeze/notebooks/figures-correlations/libs/quarto-html/quarto.js"/>
  </item>
  <item item-type="article-source">
    <instance media-type="text/css" xlink:href="source/.quarto/_freeze/notebooks/figures-correlations/libs/quarto-html/tippy.css"/>
  </item>
  <item item-type="article-source">
    <instance media-type="application/javascript" xlink:href="source/.quarto/_freeze/notebooks/figures-correlations/libs/quarto-html/tippy.umd.min.js"/>
  </item>
  <item item-type="article-source">
    <instance media-type="text/css" xlink:href="source/.quarto/_freeze/site_libs/bootstrap/bootstrap-icons.css"/>
  </item>
  <item item-type="article-source">
    <instance media-type="application/font-woff" xlink:href="source/.quarto/_freeze/site_libs/bootstrap/bootstrap-icons.woff"/>
  </item>
  <item item-type="article-source">
    <instance media-type="text/css" xlink:href="source/.quarto/_freeze/site_libs/bootstrap/bootstrap.min.css"/>
  </item>
  <item item-type="article-source">
    <instance media-type="application/javascript" xlink:href="source/.quarto/_freeze/site_libs/bootstrap/bootstrap.min.js"/>
  </item>
  <item item-type="article-source">
    <instance media-type="application/javascript" xlink:href="source/.quarto/_freeze/site_libs/clipboard/clipboard.min.js"/>
  </item>
  <item item-type="article-source">
    <instance media-type="application/javascript" xlink:href="source/.quarto/_freeze/site_libs/manuscript-notebook/headroom.min.js"/>
  </item>
  <item item-type="article-source">
    <instance media-type="text/css" xlink:href="source/.quarto/_freeze/site_libs/quarto-contrib/glightbox/glightbox.min.css"/>
  </item>
  <item item-type="article-source">
    <instance media-type="application/javascript" xlink:href="source/.quarto/_freeze/site_libs/quarto-contrib/glightbox/glightbox.min.js"/>
  </item>
  <item item-type="article-source">
    <instance media-type="text/css" xlink:href="source/.quarto/_freeze/site_libs/quarto-contrib/glightbox/lightbox.css"/>
  </item>
  <item item-type="article-source">
    <instance media-type="application/javascript" xlink:href="source/.quarto/_freeze/site_libs/quarto-html/anchor.min.js"/>
  </item>
  <item item-type="article-source">
    <instance media-type="application/javascript" xlink:href="source/.quarto/_freeze/site_libs/quarto-html/popper.min.js"/>
  </item>
  <item item-type="article-source">
    <instance media-type="text/css" xlink:href="source/.quarto/_freeze/site_libs/quarto-html/quarto-syntax-highlighting-dark.css"/>
  </item>
  <item item-type="article-source">
    <instance media-type="text/css" xlink:href="source/.quarto/_freeze/site_libs/quarto-html/quarto-syntax-highlighting.css"/>
  </item>
  <item item-type="article-source">
    <instance media-type="application/javascript" xlink:href="source/.quarto/_freeze/site_libs/quarto-html/quarto.js"/>
  </item>
  <item item-type="article-source">
    <instance media-type="text/css" xlink:href="source/.quarto/_freeze/site_libs/quarto-html/tippy.css"/>
  </item>
  <item item-type="article-source">
    <instance media-type="application/javascript" xlink:href="source/.quarto/_freeze/site_libs/quarto-html/tippy.umd.min.js"/>
  </item>
  <item item-type="article-source">
    <instance media-type="application/x-ipynb+json" xlink:href="source/.quarto/embed/notebooks/figures-cohens_d.embed.ipynb"/>
  </item>
  <item item-type="article-source">
    <instance media-type="application/json" xlink:href="source/.quarto/idx/notebooks/figures-cohens_d.qmd.json"/>
  </item>
  <item item-type="article-source">
    <instance media-type="application/json" xlink:href="source/.quarto/idx/notebooks/figures-correlations.qmd.json"/>
  </item>
  <item item-type="article-source">
    <instance media-type="application/octet-stream" xlink:href="source/.quarto/xref/7af6d48c"/>
  </item>
  <item item-type="article-source">
    <instance media-type="application/octet-stream" xlink:href="source/.quarto/xref/INDEX"/>
  </item>
  <item item-type="article-source">
    <instance media-type="application/octet-stream" xlink:href="source/.quarto/xref/f07bb5f7"/>
  </item>
  <item item-type="article-source">
    <instance media-type="application/octet-stream" xlink:href="source/.quarto/xref/fad5c24f"/>
  </item>
  <item item-type="article-source">
    <instance media-type="application/json" xlink:href="source/_freeze/notebooks/figures-cohens_d/execute-results/html.json"/>
  </item>
  <item item-type="article-source">
    <instance media-type="application/json" xlink:href="source/_freeze/notebooks/figures-cohens_d/execute-results/ipynb.json"/>
  </item>
  <item item-type="article-source">
    <instance media-type="application/json" xlink:href="source/_freeze/notebooks/figures-cohens_d/execute-results/xml.json"/>
  </item>
  <item item-type="article-source">
    <instance media-type="image/png" xlink:href="source/_freeze/notebooks/figures-cohens_d/figure-html/fig-1-1.png"/>
  </item>
  <item item-type="article-source">
    <instance media-type="image/png" xlink:href="source/_freeze/notebooks/figures-cohens_d/figure-html/fig-1a-1.png"/>
  </item>
  <item item-type="article-source">
    <instance media-type="image/png" xlink:href="source/_freeze/notebooks/figures-cohens_d/figure-html/fig-1b-1.png"/>
  </item>
  <item item-type="article-source">
    <instance media-type="image/png" xlink:href="source/_freeze/notebooks/figures-cohens_d/figure-html/fig-1c-1.png"/>
  </item>
  <item item-type="article-source">
    <instance media-type="image/png" xlink:href="source/_freeze/notebooks/figures-cohens_d/figure-html/fig-1d-1.png"/>
  </item>
  <item item-type="article-source">
    <instance media-type="image/png" xlink:href="source/_freeze/notebooks/figures-cohens_d/figure-html/fig-2-1.png"/>
  </item>
  <item item-type="article-source">
    <instance media-type="image/png" xlink:href="source/_freeze/notebooks/figures-cohens_d/figure-html/fig-2a-1.png"/>
  </item>
  <item item-type="article-source">
    <instance media-type="image/png" xlink:href="source/_freeze/notebooks/figures-cohens_d/figure-html/fig-2b-1.png"/>
  </item>
  <item item-type="article-source">
    <instance media-type="image/png" xlink:href="source/_freeze/notebooks/figures-cohens_d/figure-html/fig-2c-1.png"/>
  </item>
  <item item-type="article-source">
    <instance media-type="image/png" xlink:href="source/_freeze/notebooks/figures-cohens_d/figure-html/fig-2d-1.png"/>
  </item>
  <item item-type="article-source">
    <instance media-type="image/png" xlink:href="source/_freeze/notebooks/figures-cohens_d/figure-ipynb/fig-1-1.png"/>
  </item>
  <item item-type="article-source">
    <instance media-type="image/png" xlink:href="source/_freeze/notebooks/figures-cohens_d/figure-ipynb/fig-1a-1.png"/>
  </item>
  <item item-type="article-source">
    <instance media-type="image/png" xlink:href="source/_freeze/notebooks/figures-cohens_d/figure-ipynb/fig-1b-1.png"/>
  </item>
  <item item-type="article-source">
    <instance media-type="image/png" xlink:href="source/_freeze/notebooks/figures-cohens_d/figure-ipynb/fig-1c-1.png"/>
  </item>
  <item item-type="article-source">
    <instance media-type="image/png" xlink:href="source/_freeze/notebooks/figures-cohens_d/figure-ipynb/fig-1d-1.png"/>
  </item>
  <item item-type="article-source">
    <instance media-type="image/png" xlink:href="source/_freeze/notebooks/figures-cohens_d/figure-ipynb/fig-2-1.png"/>
  </item>
  <item item-type="article-source">
    <instance media-type="image/png" xlink:href="source/_freeze/notebooks/figures-cohens_d/figure-ipynb/fig-2a-1.png"/>
  </item>
  <item item-type="article-source">
    <instance media-type="image/png" xlink:href="source/_freeze/notebooks/figures-cohens_d/figure-ipynb/fig-2b-1.png"/>
  </item>
  <item item-type="article-source">
    <instance media-type="image/png" xlink:href="source/_freeze/notebooks/figures-cohens_d/figure-ipynb/fig-2c-1.png"/>
  </item>
  <item item-type="article-source">
    <instance media-type="image/png" xlink:href="source/_freeze/notebooks/figures-cohens_d/figure-ipynb/fig-2d-1.png"/>
  </item>
  <item item-type="article-source">
    <instance media-type="application/json" xlink:href="source/_freeze/notebooks/figures-correlations/execute-results/html.json"/>
  </item>
  <item item-type="article-source">
    <instance media-type="application/json" xlink:href="source/_freeze/notebooks/figures-correlations/execute-results/ipynb.json"/>
  </item>
  <item item-type="article-source">
    <instance media-type="application/json" xlink:href="source/_freeze/notebooks/figures-correlations/execute-results/xml.json"/>
  </item>
  <item item-type="article-source">
    <instance media-type="image/png" xlink:href="source/_freeze/notebooks/figures-correlations/figure-html/Figure 3a-1.png"/>
  </item>
  <item item-type="article-source">
    <instance media-type="image/png" xlink:href="source/_freeze/notebooks/figures-correlations/figure-html/fig-3-1.png"/>
  </item>
  <item item-type="article-source">
    <instance media-type="image/png" xlink:href="source/_freeze/notebooks/figures-correlations/figure-html/fig-3-total-1.png"/>
  </item>
  <item item-type="article-source">
    <instance media-type="image/png" xlink:href="source/_freeze/notebooks/figures-correlations/figure-html/fig-3a-1.png"/>
  </item>
  <item item-type="article-source">
    <instance media-type="image/png" xlink:href="source/_freeze/notebooks/figures-correlations/figure-html/fig-3b-1.png"/>
  </item>
  <item item-type="article-source">
    <instance media-type="image/png" xlink:href="source/_freeze/notebooks/figures-correlations/figure-html/fig-3c-1.png"/>
  </item>
  <item item-type="article-source">
    <instance media-type="image/png" xlink:href="source/_freeze/notebooks/figures-correlations/figure-html/fig-3d-1.png"/>
  </item>
  <item item-type="article-source">
    <instance media-type="image/png" xlink:href="source/_freeze/notebooks/figures-correlations/figure-html/fig-4-1.png"/>
  </item>
  <item item-type="article-source">
    <instance media-type="image/png" xlink:href="source/_freeze/notebooks/figures-correlations/figure-html/fig-4a-1.png"/>
  </item>
  <item item-type="article-source">
    <instance media-type="image/png" xlink:href="source/_freeze/notebooks/figures-correlations/figure-html/fig-4b-1.png"/>
  </item>
  <item item-type="article-source">
    <instance media-type="image/png" xlink:href="source/_freeze/notebooks/figures-correlations/figure-html/fig-4c-1.png"/>
  </item>
  <item item-type="article-source">
    <instance media-type="image/png" xlink:href="source/_freeze/notebooks/figures-correlations/figure-html/fig-4d-1.png"/>
  </item>
  <item item-type="article-source">
    <instance media-type="image/png" xlink:href="source/_freeze/notebooks/figures-correlations/figure-ipynb/fig-3a-1.png"/>
  </item>
  <item item-type="article-source">
    <instance media-type="image/png" xlink:href="source/_freeze/notebooks/figures-correlations/figure-ipynb/fig-3b-1.png"/>
  </item>
  <item item-type="article-source">
    <instance media-type="image/png" xlink:href="source/_freeze/notebooks/figures-correlations/figure-ipynb/fig-3c-1.png"/>
  </item>
  <item item-type="article-source">
    <instance media-type="image/png" xlink:href="source/_freeze/notebooks/figures-correlations/figure-ipynb/fig-3d-1.png"/>
  </item>
  <item item-type="article-source">
    <instance media-type="image/png" xlink:href="source/_freeze/notebooks/figures-correlations/figure-ipynb/fig-4a-1.png"/>
  </item>
  <item item-type="article-source">
    <instance media-type="image/png" xlink:href="source/_freeze/notebooks/figures-correlations/figure-ipynb/fig-4b-1.png"/>
  </item>
  <item item-type="article-source">
    <instance media-type="image/png" xlink:href="source/_freeze/notebooks/figures-correlations/figure-ipynb/fig-4c-1.png"/>
  </item>
  <item item-type="article-source">
    <instance media-type="image/png" xlink:href="source/_freeze/notebooks/figures-correlations/figure-ipynb/fig-4d-1.png"/>
  </item>
  <item item-type="article-source">
    <instance media-type="text/css" xlink:href="source/_freeze/notebooks/figures-correlations/libs/bootstrap/bootstrap-icons.css"/>
  </item>
  <item item-type="article-source">
    <instance media-type="application/font-woff" xlink:href="source/_freeze/notebooks/figures-correlations/libs/bootstrap/bootstrap-icons.woff"/>
  </item>
  <item item-type="article-source">
    <instance media-type="text/css" xlink:href="source/_freeze/notebooks/figures-correlations/libs/bootstrap/bootstrap.min.css"/>
  </item>
  <item item-type="article-source">
    <instance media-type="application/javascript" xlink:href="source/_freeze/notebooks/figures-correlations/libs/bootstrap/bootstrap.min.js"/>
  </item>
  <item item-type="article-source">
    <instance media-type="application/javascript" xlink:href="source/_freeze/notebooks/figures-correlations/libs/clipboard/clipboard.min.js"/>
  </item>
  <item item-type="article-source">
    <instance media-type="application/javascript" xlink:href="source/_freeze/notebooks/figures-correlations/libs/quarto-html/anchor.min.js"/>
  </item>
  <item item-type="article-source">
    <instance media-type="application/javascript" xlink:href="source/_freeze/notebooks/figures-correlations/libs/quarto-html/popper.min.js"/>
  </item>
  <item item-type="article-source">
    <instance media-type="text/css" xlink:href="source/_freeze/notebooks/figures-correlations/libs/quarto-html/quarto-syntax-highlighting.css"/>
  </item>
  <item item-type="article-source">
    <instance media-type="application/javascript" xlink:href="source/_freeze/notebooks/figures-correlations/libs/quarto-html/quarto.js"/>
  </item>
  <item item-type="article-source">
    <instance media-type="text/css" xlink:href="source/_freeze/notebooks/figures-correlations/libs/quarto-html/tippy.css"/>
  </item>
  <item item-type="article-source">
    <instance media-type="application/javascript" xlink:href="source/_freeze/notebooks/figures-correlations/libs/quarto-html/tippy.umd.min.js"/>
  </item>
  <item item-type="article-source">
    <instance media-type="text/css" xlink:href="source/_freeze/site_libs/bootstrap/bootstrap-icons.css"/>
  </item>
  <item item-type="article-source">
    <instance media-type="application/font-woff" xlink:href="source/_freeze/site_libs/bootstrap/bootstrap-icons.woff"/>
  </item>
  <item item-type="article-source">
    <instance media-type="text/css" xlink:href="source/_freeze/site_libs/bootstrap/bootstrap.min.css"/>
  </item>
  <item item-type="article-source">
    <instance media-type="application/javascript" xlink:href="source/_freeze/site_libs/bootstrap/bootstrap.min.js"/>
  </item>
  <item item-type="article-source">
    <instance media-type="application/javascript" xlink:href="source/_freeze/site_libs/clipboard/clipboard.min.js"/>
  </item>
  <item item-type="article-source">
    <instance media-type="application/javascript" xlink:href="source/_freeze/site_libs/manuscript-notebook/headroom.min.js"/>
  </item>
  <item item-type="article-source">
    <instance media-type="text/css" xlink:href="source/_freeze/site_libs/quarto-contrib/glightbox/glightbox.min.css"/>
  </item>
  <item item-type="article-source">
    <instance media-type="application/javascript" xlink:href="source/_freeze/site_libs/quarto-contrib/glightbox/glightbox.min.js"/>
  </item>
  <item item-type="article-source">
    <instance media-type="text/css" xlink:href="source/_freeze/site_libs/quarto-contrib/glightbox/lightbox.css"/>
  </item>
  <item item-type="article-source">
    <instance media-type="application/javascript" xlink:href="source/_freeze/site_libs/quarto-html/anchor.min.js"/>
  </item>
  <item item-type="article-source">
    <instance media-type="application/javascript" xlink:href="source/_freeze/site_libs/quarto-html/popper.min.js"/>
  </item>
  <item item-type="article-source">
    <instance media-type="text/css" xlink:href="source/_freeze/site_libs/quarto-html/quarto-syntax-highlighting-dark.css"/>
  </item>
  <item item-type="article-source">
    <instance media-type="text/css" xlink:href="source/_freeze/site_libs/quarto-html/quarto-syntax-highlighting.css"/>
  </item>
  <item item-type="article-source">
    <instance media-type="application/javascript" xlink:href="source/_freeze/site_libs/quarto-html/quarto.js"/>
  </item>
  <item item-type="article-source">
    <instance media-type="text/css" xlink:href="source/_freeze/site_libs/quarto-html/tippy.css"/>
  </item>
  <item item-type="article-source">
    <instance media-type="application/javascript" xlink:href="source/_freeze/site_libs/quarto-html/tippy.umd.min.js"/>
  </item>
  <item item-type="article-source">
    <instance media-type="application/octet-stream" xlink:href="source/_manuscript/_tex/references.bib"/>
  </item>
  <item item-type="article-source">
    <instance media-type="text/html" xlink:href="source/_manuscript/index.html"/>
  </item>
  <item item-type="article-source">
    <instance media-type="text/html" xlink:href="source/_manuscript/notebooks/figures-cohens_d-preview.html"/>
  </item>
  <item item-type="article-source">
    <instance media-type="application/x-ipynb+json" xlink:href="source/_manuscript/notebooks/figures-cohens_d.out.ipynb"/>
  </item>
  <item item-type="article-source">
    <instance media-type="application/octet-stream" xlink:href="source/_manuscript/notebooks/figures-cohens_d.qmd"/>
  </item>
  <item item-type="article-source">
    <instance media-type="text/html" xlink:href="source/_manuscript/notebooks/figures-correlations-preview.html"/>
  </item>
  <item item-type="article-source">
    <instance media-type="text/css" xlink:href="source/_manuscript/site_libs/bootstrap/bootstrap-icons.css"/>
  </item>
  <item item-type="article-source">
    <instance media-type="application/font-woff" xlink:href="source/_manuscript/site_libs/bootstrap/bootstrap-icons.woff"/>
  </item>
  <item item-type="article-source">
    <instance media-type="text/css" xlink:href="source/_manuscript/site_libs/bootstrap/bootstrap.min.css"/>
  </item>
  <item item-type="article-source">
    <instance media-type="application/javascript" xlink:href="source/_manuscript/site_libs/bootstrap/bootstrap.min.js"/>
  </item>
  <item item-type="article-source">
    <instance media-type="application/javascript" xlink:href="source/_manuscript/site_libs/clipboard/clipboard.min.js"/>
  </item>
  <item item-type="article-source">
    <instance media-type="application/javascript" xlink:href="source/_manuscript/site_libs/manuscript-notebook/headroom.min.js"/>
  </item>
  <item item-type="article-source">
    <instance media-type="text/css" xlink:href="source/_manuscript/site_libs/quarto-contrib/glightbox/glightbox.min.css"/>
  </item>
  <item item-type="article-source">
    <instance media-type="application/javascript" xlink:href="source/_manuscript/site_libs/quarto-contrib/glightbox/glightbox.min.js"/>
  </item>
  <item item-type="article-source">
    <instance media-type="text/css" xlink:href="source/_manuscript/site_libs/quarto-contrib/glightbox/lightbox.css"/>
  </item>
  <item item-type="article-source">
    <instance media-type="application/javascript" xlink:href="source/_manuscript/site_libs/quarto-html/anchor.min.js"/>
  </item>
  <item item-type="article-source">
    <instance media-type="application/javascript" xlink:href="source/_manuscript/site_libs/quarto-html/popper.min.js"/>
  </item>
  <item item-type="article-source">
    <instance media-type="text/css" xlink:href="source/_manuscript/site_libs/quarto-html/quarto-syntax-highlighting-dark.css"/>
  </item>
  <item item-type="article-source">
    <instance media-type="text/css" xlink:href="source/_manuscript/site_libs/quarto-html/quarto-syntax-highlighting.css"/>
  </item>
  <item item-type="article-source">
    <instance media-type="application/javascript" xlink:href="source/_manuscript/site_libs/quarto-html/quarto.js"/>
  </item>
  <item item-type="article-source">
    <instance media-type="text/css" xlink:href="source/_manuscript/site_libs/quarto-html/tippy.css"/>
  </item>
  <item item-type="article-source">
    <instance media-type="application/javascript" xlink:href="source/_manuscript/site_libs/quarto-html/tippy.umd.min.js"/>
  </item>
  <item item-type="article-source">
    <instance media-type="application/octet-stream" xlink:href="source/_quarto.yml"/>
  </item>
  <item item-type="article-source">
    <instance media-type="application/octet-stream" xlink:href="source/notebooks/figures-cohens_d.qmd"/>
  </item>
  <item item-type="article-source">
    <instance media-type="application/octet-stream" xlink:href="source/notebooks/figures-correlations.qmd"/>
  </item>
  <item item-type="article-source">
    <instance media-type="application/octet-stream" xlink:href="source/references.bib"/>
  </item>
  <item item-type="article-source">
    <instance media-type="application/octet-stream" xlink:href="source/reproducible-paper.Rproj"/>
  </item>
  <item item-type="article-source">
    <instance media-type="application/octet-stream" xlink:href="source/sample-size-fmri-paper.qmd"/>
  </item>
  <item item-type="article-source-directory">
    <instance media-type="application/x-directory" xlink:href="source"/>
  </item>
</manifest>