<?xml version="1.0" encoding="UTF-8"?>
<!DOCTYPE manifest PUBLIC "-//MECA//DTD Manifest v1.0//en" "MECA_manifest.dtd">
<manifest manifest-version="1" xmlns="https://manuscriptexchange.org/schema/manifest" xmlns:xlink="http://www.w3.org/1999/xlink">
  <item item-type="article-metadata">
    <instance media-type="text/xml" xlink:href="index.xml"/>
  </item>
  <item item-type="manuscript">
    <instance media-type="application/pdf" xlink:href="index.pdf"/>
  </item>
  <item item-type="manuscript">
    <instance media-type="application/vnd.openxmlformats-officedocument.wordprocessingml.document" xlink:href="index.docx"/>
  </item>
  <item item-type="manuscript">
    <instance media-type="text/plain" xlink:href="_tex/index.tex"/>
  </item>
  <item item-type="manuscript-supporting-file">
    <instance media-type="application/javascript" xlink:href="figures-correlations_files/libs/clipboard/clipboard.min.js"/>
  </item>
  <item item-type="manuscript-supporting-file">
    <instance media-type="application/javascript" xlink:href="figures-correlations_files/libs/quarto-html/quarto.js"/>
  </item>
  <item item-type="manuscript-supporting-file">
    <instance media-type="application/javascript" xlink:href="figures-correlations_files/libs/quarto-html/anchor.min.js"/>
  </item>
  <item item-type="manuscript-supporting-file">
    <instance media-type="application/javascript" xlink:href="figures-correlations_files/libs/quarto-html/tippy.umd.min.js"/>
  </item>
  <item item-type="manuscript-supporting-file">
    <instance media-type="application/javascript" xlink:href="figures-correlations_files/libs/quarto-html/popper.min.js"/>
  </item>
  <item item-type="manuscript-supporting-file">
    <instance media-type="text/css" xlink:href="figures-correlations_files/libs/quarto-html/tippy.css"/>
  </item>
  <item item-type="manuscript-supporting-file">
    <instance media-type="text/css" xlink:href="figures-correlations_files/libs/quarto-html/quarto-syntax-highlighting.css"/>
  </item>
  <item item-type="manuscript-supporting-file">
    <instance media-type="application/font-woff" xlink:href="figures-correlations_files/libs/bootstrap/bootstrap-icons.woff"/>
  </item>
  <item item-type="manuscript-supporting-file">
    <instance media-type="text/css" xlink:href="figures-correlations_files/libs/bootstrap/bootstrap-icons.css"/>
  </item>
  <item item-type="manuscript-supporting-file">
    <instance media-type="text/css" xlink:href="figures-correlations_files/libs/bootstrap/bootstrap.min.css"/>
  </item>
  <item item-type="manuscript-supporting-file">
    <instance media-type="application/javascript" xlink:href="figures-correlations_files/libs/bootstrap/bootstrap.min.js"/>
  </item>
  <item item-type="manuscript-supporting-file">
    <instance media-type="image/png" xlink:href="_tex/figures/fig01_cohensd_estimates.png"/>
  </item>
  <item item-type="manuscript-supporting-file">
    <instance media-type="image/png" xlink:href="_tex/figures/fig02_cohensd_nozero.png"/>
  </item>
  <item item-type="manuscript-supporting-file">
    <instance media-type="image/png" xlink:href="_tex/figures/fig03_correlation_estimates.png"/>
  </item>
  <item item-type="manuscript-supporting-file">
    <instance media-type="image/png" xlink:href="_tex/figures/fig04_correlation_nozero.png"/>
  </item>
  <item item-type="manuscript-supporting-file">
    <instance media-type="application/octet-stream" xlink:href="_tex/references.bib"/>
  </item>
  <item item-type="manuscript-supporting-file">
    <instance media-type="image/png" xlink:href="figures/fig01_cohensd_estimates.png"/>
  </item>
  <item item-type="manuscript-supporting-file">
    <instance media-type="image/png" xlink:href="figures/fig02_cohensd_nozero.png"/>
  </item>
  <item item-type="manuscript-supporting-file">
    <instance media-type="image/png" xlink:href="figures/fig03_correlation_estimates.png"/>
  </item>
  <item item-type="manuscript-supporting-file">
    <instance media-type="image/png" xlink:href="figures/fig04_correlation_nozero.png"/>
  </item>
  <item item-type="manuscript-supporting-file">
    <instance media-type="application/octet-stream" xlink:href="notebooks/figures-cohens_d.qmd"/>
  </item>
  <item item-type="manuscript-supporting-file">
    <instance media-type="application/octet-stream" xlink:href="notebooks/figures-correlations.qmd"/>
  </item>
  <item item-type="article-source">
    <instance media-type="application/octet-stream" xlink:href="source/.DS_Store"/>
  </item>
  <item item-type="article-source">
    <instance media-type="application/octet-stream" xlink:href="source/.Rhistory"/>
  </item>
  <item item-type="article-source">
    <instance media-type="application/octet-stream" xlink:href="source/.Rproj.user/61FBC8AB/bibliography-index/biblio-files"/>
  </item>
  <item item-type="article-source">
    <instance media-type="application/octet-stream" xlink:href="source/.Rproj.user/61FBC8AB/bibliography-index/biblio-refblock"/>
  </item>
  <item item-type="article-source">
    <instance media-type="application/json" xlink:href="source/.Rproj.user/61FBC8AB/bibliography-index/biblio.json"/>
  </item>
  <item item-type="article-source">
    <instance media-type="application/json" xlink:href="source/.Rproj.user/61FBC8AB/jobs/23900349-output.json"/>
  </item>
  <item item-type="article-source">
    <instance media-type="application/json" xlink:href="source/.Rproj.user/61FBC8AB/jobs/30622F5F-output.json"/>
  </item>
  <item item-type="article-source">
    <instance media-type="application/json" xlink:href="source/.Rproj.user/61FBC8AB/jobs/7B1C1D9A-output.json"/>
  </item>
  <item item-type="article-source">
    <instance media-type="application/json" xlink:href="source/.Rproj.user/61FBC8AB/jobs/8675EE10-output.json"/>
  </item>
  <item item-type="article-source">
    <instance media-type="application/json" xlink:href="source/.Rproj.user/61FBC8AB/jobs/9D2EB2EB-output.json"/>
  </item>
  <item item-type="article-source">
    <instance media-type="application/json" xlink:href="source/.Rproj.user/61FBC8AB/jobs/BE8E4BF3-output.json"/>
  </item>
  <item item-type="article-source">
    <instance media-type="application/octet-stream" xlink:href="source/.Rproj.user/61FBC8AB/pcs/files-pane.pper"/>
  </item>
  <item item-type="article-source">
    <instance media-type="application/octet-stream" xlink:href="source/.Rproj.user/61FBC8AB/pcs/source-pane.pper"/>
  </item>
  <item item-type="article-source">
    <instance media-type="application/octet-stream" xlink:href="source/.Rproj.user/61FBC8AB/pcs/windowlayoutstate.pper"/>
  </item>
  <item item-type="article-source">
    <instance media-type="application/octet-stream" xlink:href="source/.Rproj.user/61FBC8AB/pcs/workbench-pane.pper"/>
  </item>
  <item item-type="article-source">
    <instance media-type="application/octet-stream" xlink:href="source/.Rproj.user/61FBC8AB/quarto-crossref-qmd/C57040C7"/>
  </item>
  <item item-type="article-source">
    <instance media-type="application/octet-stream" xlink:href="source/.Rproj.user/61FBC8AB/quarto-crossref-qmd/INDEX"/>
  </item>
  <item item-type="article-source">
    <instance media-type="application/octet-stream" xlink:href="source/.Rproj.user/61FBC8AB/rmd-outputs"/>
  </item>
  <item item-type="article-source">
    <instance media-type="application/octet-stream" xlink:href="source/.Rproj.user/61FBC8AB/saved_source_markers"/>
  </item>
  <item item-type="article-source">
    <instance media-type="application/octet-stream" xlink:href="source/.Rproj.user/61FBC8AB/sources/prop/0DC25F6E"/>
  </item>
  <item item-type="article-source">
    <instance media-type="application/octet-stream" xlink:href="source/.Rproj.user/61FBC8AB/sources/prop/39DB9314"/>
  </item>
  <item item-type="article-source">
    <instance media-type="application/octet-stream" xlink:href="source/.Rproj.user/61FBC8AB/sources/prop/3BC505AF"/>
  </item>
  <item item-type="article-source">
    <instance media-type="application/octet-stream" xlink:href="source/.Rproj.user/61FBC8AB/sources/prop/9D11C2E3"/>
  </item>
  <item item-type="article-source">
    <instance media-type="application/octet-stream" xlink:href="source/.Rproj.user/61FBC8AB/sources/prop/B1ED5D21"/>
  </item>
  <item item-type="article-source">
    <instance media-type="application/octet-stream" xlink:href="source/.Rproj.user/61FBC8AB/sources/prop/INDEX"/>
  </item>
  <item item-type="article-source">
    <instance media-type="application/octet-stream" xlink:href="source/.Rproj.user/61FBC8AB/sources/session-2433b679/449492A6"/>
  </item>
  <item item-type="article-source">
    <instance media-type="application/octet-stream" xlink:href="source/.Rproj.user/61FBC8AB/sources/session-2433b679/449492A6-contents"/>
  </item>
  <item item-type="article-source">
    <instance media-type="application/octet-stream" xlink:href="source/.Rproj.user/61FBC8AB/sources/session-2433b679/6E97C8F6-contents"/>
  </item>
  <item item-type="article-source">
    <instance media-type="application/octet-stream" xlink:href="source/.Rproj.user/61FBC8AB/sources/session-2433b679/B678A0A5"/>
  </item>
  <item item-type="article-source">
    <instance media-type="application/octet-stream" xlink:href="source/.Rproj.user/61FBC8AB/sources/session-2433b679/B678A0A5-contents"/>
  </item>
  <item item-type="article-source">
    <instance media-type="application/octet-stream" xlink:href="source/.Rproj.user/61FBC8AB/sources/session-2433b679/E74D9D11"/>
  </item>
  <item item-type="article-source">
    <instance media-type="application/octet-stream" xlink:href="source/.Rproj.user/61FBC8AB/sources/session-2433b679/E74D9D11-contents"/>
  </item>
  <item item-type="article-source">
    <instance media-type="application/octet-stream" xlink:href="source/.Rproj.user/61FBC8AB/sources/session-2433b679/F92DF399-contents"/>
  </item>
  <item item-type="article-source">
    <instance media-type="application/octet-stream" xlink:href="source/.Rproj.user/61FBC8AB/sources/session-2433b679/FEFEA76C"/>
  </item>
  <item item-type="article-source">
    <instance media-type="application/octet-stream" xlink:href="source/.Rproj.user/61FBC8AB/sources/session-2433b679/FEFEA76C-contents"/>
  </item>
  <item item-type="article-source">
    <instance media-type="application/octet-stream" xlink:href="source/.Rproj.user/61FBC8AB/sources/session-2433b679/lock_file"/>
  </item>
  <item item-type="article-source">
    <instance media-type="application/json" xlink:href="source/.Rproj.user/shared/notebooks/E84E0E62-index/1/61FBC8AB2433b679/chunks.json"/>
  </item>
  <item item-type="article-source">
    <instance media-type="application/json" xlink:href="source/.Rproj.user/shared/notebooks/E84E0E62-index/1/61FBC8AB2ac4bdeb/chunks.json"/>
  </item>
  <item item-type="article-source">
    <instance media-type="application/json" xlink:href="source/.Rproj.user/shared/notebooks/E84E0E62-index/1/61FBC8AB495c0b6f/chunks.json"/>
  </item>
  <item item-type="article-source">
    <instance media-type="application/json" xlink:href="source/.Rproj.user/shared/notebooks/E84E0E62-index/1/61FBC8AB8d3ebbf0/chunks.json"/>
  </item>
  <item item-type="article-source">
    <instance media-type="application/json" xlink:href="source/.Rproj.user/shared/notebooks/E84E0E62-index/1/61FBC8AB98e245d2/chunks.json"/>
  </item>
  <item item-type="article-source">
    <instance media-type="application/json" xlink:href="source/.Rproj.user/shared/notebooks/E84E0E62-index/1/61FBC8AB9beb5c3f/chunks.json"/>
  </item>
  <item item-type="article-source">
    <instance media-type="application/json" xlink:href="source/.Rproj.user/shared/notebooks/E84E0E62-index/1/61FBC8ABd5b08ba0/chunks.json"/>
  </item>
  <item item-type="article-source">
    <instance media-type="application/json" xlink:href="source/.Rproj.user/shared/notebooks/E84E0E62-index/1/61FBC8ABef2e0521/chunks.json"/>
  </item>
  <item item-type="article-source">
    <instance media-type="application/json" xlink:href="source/.Rproj.user/shared/notebooks/E84E0E62-index/1/s/chunks.json"/>
  </item>
  <item item-type="article-source">
    <instance media-type="application/json" xlink:href="source/.Rproj.user/shared/notebooks/F81ACFFF-figures-correlations/1/61FBC8AB2433b679/chunks.json"/>
  </item>
  <item item-type="article-source">
    <instance media-type="application/json" xlink:href="source/.Rproj.user/shared/notebooks/F81ACFFF-figures-correlations/1/s/chunks.json"/>
  </item>
  <item item-type="article-source">
    <instance media-type="application/json" xlink:href="source/.Rproj.user/shared/notebooks/FE74437F-figures-cohens_d/1/61FBC8AB2433b679/chunks.json"/>
  </item>
  <item item-type="article-source">
    <instance media-type="application/json" xlink:href="source/.Rproj.user/shared/notebooks/FE74437F-figures-cohens_d/1/61FBC8AB495c0b6f/chunks.json"/>
  </item>
  <item item-type="article-source">
    <instance media-type="application/json" xlink:href="source/.Rproj.user/shared/notebooks/FE74437F-figures-cohens_d/1/61FBC8AB8d3ebbf0/chunks.json"/>
  </item>
  <item item-type="article-source">
    <instance media-type="application/json" xlink:href="source/.Rproj.user/shared/notebooks/FE74437F-figures-cohens_d/1/s/chunks.json"/>
  </item>
  <item item-type="article-source">
    <instance media-type="application/octet-stream" xlink:href="source/.Rproj.user/shared/notebooks/patch-chunk-names"/>
  </item>
  <item item-type="article-source">
    <instance media-type="application/octet-stream" xlink:href="source/.Rproj.user/shared/notebooks/paths"/>
  </item>
  <item item-type="article-source">
    <instance media-type="application/octet-stream" xlink:href="source/.github/workflows/publish.yml"/>
  </item>
  <item item-type="article-source">
    <instance media-type="application/octet-stream" xlink:href="source/.gitignore"/>
  </item>
  <item item-type="article-source">
    <instance media-type="application/json" xlink:href="source/.quarto/_freeze/notebooks/figures-cohens_d/execute-results/html.json"/>
  </item>
  <item item-type="article-source">
    <instance media-type="application/json" xlink:href="source/.quarto/_freeze/notebooks/figures-correlations/execute-results/html.json"/>
  </item>
  <item item-type="article-source">
    <instance media-type="text/css" xlink:href="source/.quarto/_freeze/notebooks/figures-correlations/libs/bootstrap/bootstrap-icons.css"/>
  </item>
  <item item-type="article-source">
    <instance media-type="application/font-woff" xlink:href="source/.quarto/_freeze/notebooks/figures-correlations/libs/bootstrap/bootstrap-icons.woff"/>
  </item>
  <item item-type="article-source">
    <instance media-type="text/css" xlink:href="source/.quarto/_freeze/notebooks/figures-correlations/libs/bootstrap/bootstrap.min.css"/>
  </item>
  <item item-type="article-source">
    <instance media-type="application/javascript" xlink:href="source/.quarto/_freeze/notebooks/figures-correlations/libs/bootstrap/bootstrap.min.js"/>
  </item>
  <item item-type="article-source">
    <instance media-type="application/javascript" xlink:href="source/.quarto/_freeze/notebooks/figures-correlations/libs/clipboard/clipboard.min.js"/>
  </item>
  <item item-type="article-source">
    <instance media-type="application/javascript" xlink:href="source/.quarto/_freeze/notebooks/figures-correlations/libs/quarto-html/anchor.min.js"/>
  </item>
  <item item-type="article-source">
    <instance media-type="application/javascript" xlink:href="source/.quarto/_freeze/notebooks/figures-correlations/libs/quarto-html/popper.min.js"/>
  </item>
  <item item-type="article-source">
    <instance media-type="text/css" xlink:href="source/.quarto/_freeze/notebooks/figures-correlations/libs/quarto-html/quarto-syntax-highlighting.css"/>
  </item>
  <item item-type="article-source">
    <instance media-type="application/javascript" xlink:href="source/.quarto/_freeze/notebooks/figures-correlations/libs/quarto-html/quarto.js"/>
  </item>
  <item item-type="article-source">
    <instance media-type="text/css" xlink:href="source/.quarto/_freeze/notebooks/figures-correlations/libs/quarto-html/tippy.css"/>
  </item>
  <item item-type="article-source">
    <instance media-type="application/javascript" xlink:href="source/.quarto/_freeze/notebooks/figures-correlations/libs/quarto-html/tippy.umd.min.js"/>
  </item>
  <item item-type="article-source">
    <instance media-type="text/css" xlink:href="source/.quarto/_freeze/site_libs/bootstrap/bootstrap-icons.css"/>
  </item>
  <item item-type="article-source">
    <instance media-type="application/font-woff" xlink:href="source/.quarto/_freeze/site_libs/bootstrap/bootstrap-icons.woff"/>
  </item>
  <item item-type="article-source">
    <instance media-type="text/css" xlink:href="source/.quarto/_freeze/site_libs/bootstrap/bootstrap.min.css"/>
  </item>
  <item item-type="article-source">
    <instance media-type="application/javascript" xlink:href="source/.quarto/_freeze/site_libs/bootstrap/bootstrap.min.js"/>
  </item>
  <item item-type="article-source">
    <instance media-type="application/javascript" xlink:href="source/.quarto/_freeze/site_libs/clipboard/clipboard.min.js"/>
  </item>
  <item item-type="article-source">
    <instance media-type="application/javascript" xlink:href="source/.quarto/_freeze/site_libs/manuscript-notebook/headroom.min.js"/>
  </item>
  <item item-type="article-source">
    <instance media-type="text/css" xlink:href="source/.quarto/_freeze/site_libs/quarto-contrib/glightbox/glightbox.min.css"/>
  </item>
  <item item-type="article-source">
    <instance media-type="application/javascript" xlink:href="source/.quarto/_freeze/site_libs/quarto-contrib/glightbox/glightbox.min.js"/>
  </item>
  <item item-type="article-source">
    <instance media-type="text/css" xlink:href="source/.quarto/_freeze/site_libs/quarto-contrib/glightbox/lightbox.css"/>
  </item>
  <item item-type="article-source">
    <instance media-type="application/javascript" xlink:href="source/.quarto/_freeze/site_libs/quarto-html/anchor.min.js"/>
  </item>
  <item item-type="article-source">
    <instance media-type="application/javascript" xlink:href="source/.quarto/_freeze/site_libs/quarto-html/popper.min.js"/>
  </item>
  <item item-type="article-source">
    <instance media-type="text/css" xlink:href="source/.quarto/_freeze/site_libs/quarto-html/quarto-syntax-highlighting-dark.css"/>
  </item>
  <item item-type="article-source">
    <instance media-type="text/css" xlink:href="source/.quarto/_freeze/site_libs/quarto-html/quarto-syntax-highlighting.css"/>
  </item>
  <item item-type="article-source">
    <instance media-type="application/javascript" xlink:href="source/.quarto/_freeze/site_libs/quarto-html/quarto.js"/>
  </item>
  <item item-type="article-source">
    <instance media-type="text/css" xlink:href="source/.quarto/_freeze/site_libs/quarto-html/tippy.css"/>
  </item>
  <item item-type="article-source">
    <instance media-type="application/javascript" xlink:href="source/.quarto/_freeze/site_libs/quarto-html/tippy.umd.min.js"/>
  </item>
  <item item-type="article-source">
    <instance media-type="application/x-ipynb+json" xlink:href="source/.quarto/embed/notebooks/figures-cohens_d.embed.ipynb"/>
  </item>
  <item item-type="article-source">
    <instance media-type="application/json" xlink:href="source/.quarto/idx/index.qmd.json"/>
  </item>
  <item item-type="article-source">
    <instance media-type="application/json" xlink:href="source/.quarto/idx/notebooks/figures-cohens_d.qmd.json"/>
  </item>
  <item item-type="article-source">
    <instance media-type="application/json" xlink:href="source/.quarto/idx/notebooks/figures-correlations.qmd.json"/>
  </item>
  <item item-type="article-source">
    <instance media-type="application/octet-stream" xlink:href="source/.quarto/preview/lock"/>
  </item>
  <item item-type="article-source">
    <instance media-type="application/octet-stream" xlink:href="source/.quarto/xref/7af6d48c"/>
  </item>
  <item item-type="article-source">
    <instance media-type="application/octet-stream" xlink:href="source/.quarto/xref/INDEX"/>
  </item>
  <item item-type="article-source">
    <instance media-type="application/octet-stream" xlink:href="source/.quarto/xref/f07bb5f7"/>
  </item>
  <item item-type="article-source">
    <instance media-type="application/octet-stream" xlink:href="source/.quarto/xref/fad5c24f"/>
  </item>
  <item item-type="article-source">
    <instance media-type="application/json" xlink:href="source/_freeze/notebooks/figures-cohens_d/execute-results/html.json"/>
  </item>
  <item item-type="article-source">
    <instance media-type="application/json" xlink:href="source/_freeze/notebooks/figures-cohens_d/execute-results/xml.json"/>
  </item>
  <item item-type="article-source">
    <instance media-type="application/json" xlink:href="source/_freeze/notebooks/figures-correlations/execute-results/html.json"/>
  </item>
  <item item-type="article-source">
    <instance media-type="application/json" xlink:href="source/_freeze/notebooks/figures-correlations/execute-results/xml.json"/>
  </item>
  <item item-type="article-source">
    <instance media-type="text/css" xlink:href="source/_freeze/notebooks/figures-correlations/libs/bootstrap/bootstrap-icons.css"/>
  </item>
  <item item-type="article-source">
    <instance media-type="application/font-woff" xlink:href="source/_freeze/notebooks/figures-correlations/libs/bootstrap/bootstrap-icons.woff"/>
  </item>
  <item item-type="article-source">
    <instance media-type="text/css" xlink:href="source/_freeze/notebooks/figures-correlations/libs/bootstrap/bootstrap.min.css"/>
  </item>
  <item item-type="article-source">
    <instance media-type="application/javascript" xlink:href="source/_freeze/notebooks/figures-correlations/libs/bootstrap/bootstrap.min.js"/>
  </item>
  <item item-type="article-source">
    <instance media-type="application/javascript" xlink:href="source/_freeze/notebooks/figures-correlations/libs/clipboard/clipboard.min.js"/>
  </item>
  <item item-type="article-source">
    <instance media-type="application/javascript" xlink:href="source/_freeze/notebooks/figures-correlations/libs/quarto-html/anchor.min.js"/>
  </item>
  <item item-type="article-source">
    <instance media-type="application/javascript" xlink:href="source/_freeze/notebooks/figures-correlations/libs/quarto-html/popper.min.js"/>
  </item>
  <item item-type="article-source">
    <instance media-type="text/css" xlink:href="source/_freeze/notebooks/figures-correlations/libs/quarto-html/quarto-syntax-highlighting.css"/>
  </item>
  <item item-type="article-source">
    <instance media-type="application/javascript" xlink:href="source/_freeze/notebooks/figures-correlations/libs/quarto-html/quarto.js"/>
  </item>
  <item item-type="article-source">
    <instance media-type="text/css" xlink:href="source/_freeze/notebooks/figures-correlations/libs/quarto-html/tippy.css"/>
  </item>
  <item item-type="article-source">
    <instance media-type="application/javascript" xlink:href="source/_freeze/notebooks/figures-correlations/libs/quarto-html/tippy.umd.min.js"/>
  </item>
  <item item-type="article-source">
    <instance media-type="text/css" xlink:href="source/_freeze/site_libs/bootstrap/bootstrap-icons.css"/>
  </item>
  <item item-type="article-source">
    <instance media-type="application/font-woff" xlink:href="source/_freeze/site_libs/bootstrap/bootstrap-icons.woff"/>
  </item>
  <item item-type="article-source">
    <instance media-type="text/css" xlink:href="source/_freeze/site_libs/bootstrap/bootstrap.min.css"/>
  </item>
  <item item-type="article-source">
    <instance media-type="application/javascript" xlink:href="source/_freeze/site_libs/bootstrap/bootstrap.min.js"/>
  </item>
  <item item-type="article-source">
    <instance media-type="application/javascript" xlink:href="source/_freeze/site_libs/clipboard/clipboard.min.js"/>
  </item>
  <item item-type="article-source">
    <instance media-type="application/javascript" xlink:href="source/_freeze/site_libs/manuscript-notebook/headroom.min.js"/>
  </item>
  <item item-type="article-source">
    <instance media-type="text/css" xlink:href="source/_freeze/site_libs/quarto-contrib/glightbox/glightbox.min.css"/>
  </item>
  <item item-type="article-source">
    <instance media-type="application/javascript" xlink:href="source/_freeze/site_libs/quarto-contrib/glightbox/glightbox.min.js"/>
  </item>
  <item item-type="article-source">
    <instance media-type="text/css" xlink:href="source/_freeze/site_libs/quarto-contrib/glightbox/lightbox.css"/>
  </item>
  <item item-type="article-source">
    <instance media-type="application/javascript" xlink:href="source/_freeze/site_libs/quarto-html/anchor.min.js"/>
  </item>
  <item item-type="article-source">
    <instance media-type="application/javascript" xlink:href="source/_freeze/site_libs/quarto-html/popper.min.js"/>
  </item>
  <item item-type="article-source">
    <instance media-type="text/css" xlink:href="source/_freeze/site_libs/quarto-html/quarto-syntax-highlighting-dark.css"/>
  </item>
  <item item-type="article-source">
    <instance media-type="text/css" xlink:href="source/_freeze/site_libs/quarto-html/quarto-syntax-highlighting.css"/>
  </item>
  <item item-type="article-source">
    <instance media-type="application/javascript" xlink:href="source/_freeze/site_libs/quarto-html/quarto.js"/>
  </item>
  <item item-type="article-source">
    <instance media-type="text/css" xlink:href="source/_freeze/site_libs/quarto-html/tippy.css"/>
  </item>
  <item item-type="article-source">
    <instance media-type="application/javascript" xlink:href="source/_freeze/site_libs/quarto-html/tippy.umd.min.js"/>
  </item>
  <item item-type="article-source">
    <instance media-type="image/png" xlink:href="source/_manuscript/_tex/figures/fig01_cohensd_estimates.png"/>
  </item>
  <item item-type="article-source">
    <instance media-type="image/png" xlink:href="source/_manuscript/_tex/figures/fig02_cohensd_nozero.png"/>
  </item>
  <item item-type="article-source">
    <instance media-type="text/plain" xlink:href="source/_manuscript/_tex/index.tex"/>
  </item>
  <item item-type="article-source">
    <instance media-type="application/octet-stream" xlink:href="source/_manuscript/_tex/references.bib"/>
  </item>
  <item item-type="article-source">
    <instance media-type="image/png" xlink:href="source/_manuscript/figures/fig01_cohensd_estimates.png"/>
  </item>
  <item item-type="article-source">
    <instance media-type="image/png" xlink:href="source/_manuscript/figures/fig02_cohensd_nozero.png"/>
  </item>
  <item item-type="article-source">
    <instance media-type="image/png" xlink:href="source/_manuscript/figures/fig03_correlation_estimates.png"/>
  </item>
  <item item-type="article-source">
    <instance media-type="image/png" xlink:href="source/_manuscript/figures/fig04_correlation_nozero.png"/>
  </item>
  <item item-type="article-source">
    <instance media-type="application/vnd.openxmlformats-officedocument.wordprocessingml.document" xlink:href="source/_manuscript/index.docx"/>
  </item>
  <item item-type="article-source">
    <instance media-type="text/html" xlink:href="source/_manuscript/index.html"/>
  </item>
  <item item-type="article-source">
    <instance media-type="application/pdf" xlink:href="source/_manuscript/index.pdf"/>
  </item>
  <item item-type="article-source">
    <instance media-type="text/html" xlink:href="source/_manuscript/notebooks/figures-cohens_d-preview.html"/>
  </item>
  <item item-type="article-source">
    <instance media-type="application/x-ipynb+json" xlink:href="source/_manuscript/notebooks/figures-cohens_d.out.ipynb"/>
  </item>
  <item item-type="article-source">
    <instance media-type="application/octet-stream" xlink:href="source/_manuscript/notebooks/figures-cohens_d.qmd"/>
  </item>
  <item item-type="article-source">
    <instance media-type="text/html" xlink:href="source/_manuscript/notebooks/figures-correlations-preview.html"/>
  </item>
  <item item-type="article-source">
    <instance media-type="text/css" xlink:href="source/_manuscript/site_libs/bootstrap/bootstrap-icons.css"/>
  </item>
  <item item-type="article-source">
    <instance media-type="application/font-woff" xlink:href="source/_manuscript/site_libs/bootstrap/bootstrap-icons.woff"/>
  </item>
  <item item-type="article-source">
    <instance media-type="text/css" xlink:href="source/_manuscript/site_libs/bootstrap/bootstrap.min.css"/>
  </item>
  <item item-type="article-source">
    <instance media-type="application/javascript" xlink:href="source/_manuscript/site_libs/bootstrap/bootstrap.min.js"/>
  </item>
  <item item-type="article-source">
    <instance media-type="application/javascript" xlink:href="source/_manuscript/site_libs/clipboard/clipboard.min.js"/>
  </item>
  <item item-type="article-source">
    <instance media-type="application/javascript" xlink:href="source/_manuscript/site_libs/manuscript-notebook/headroom.min.js"/>
  </item>
  <item item-type="article-source">
    <instance media-type="text/css" xlink:href="source/_manuscript/site_libs/quarto-contrib/glightbox/glightbox.min.css"/>
  </item>
  <item item-type="article-source">
    <instance media-type="application/javascript" xlink:href="source/_manuscript/site_libs/quarto-contrib/glightbox/glightbox.min.js"/>
  </item>
  <item item-type="article-source">
    <instance media-type="text/css" xlink:href="source/_manuscript/site_libs/quarto-contrib/glightbox/lightbox.css"/>
  </item>
  <item item-type="article-source">
    <instance media-type="application/javascript" xlink:href="source/_manuscript/site_libs/quarto-html/anchor.min.js"/>
  </item>
  <item item-type="article-source">
    <instance media-type="application/javascript" xlink:href="source/_manuscript/site_libs/quarto-html/popper.min.js"/>
  </item>
  <item item-type="article-source">
    <instance media-type="text/css" xlink:href="source/_manuscript/site_libs/quarto-html/quarto-syntax-highlighting-dark.css"/>
  </item>
  <item item-type="article-source">
    <instance media-type="text/css" xlink:href="source/_manuscript/site_libs/quarto-html/quarto-syntax-highlighting.css"/>
  </item>
  <item item-type="article-source">
    <instance media-type="application/javascript" xlink:href="source/_manuscript/site_libs/quarto-html/quarto.js"/>
  </item>
  <item item-type="article-source">
    <instance media-type="text/css" xlink:href="source/_manuscript/site_libs/quarto-html/tippy.css"/>
  </item>
  <item item-type="article-source">
    <instance media-type="application/javascript" xlink:href="source/_manuscript/site_libs/quarto-html/tippy.umd.min.js"/>
  </item>
  <item item-type="article-source">
    <instance media-type="application/octet-stream" xlink:href="source/_quarto.yml"/>
  </item>
  <item item-type="article-source">
    <instance media-type="image/png" xlink:href="source/figures/fig01_cohensd_estimates.png"/>
  </item>
  <item item-type="article-source">
    <instance media-type="image/png" xlink:href="source/figures/fig02_cohensd_nozero.png"/>
  </item>
  <item item-type="article-source">
    <instance media-type="image/png" xlink:href="source/figures/fig03_correlation_estimates.png"/>
  </item>
  <item item-type="article-source">
    <instance media-type="image/png" xlink:href="source/figures/fig04_correlation_nozero.png"/>
  </item>
  <item item-type="article-source">
    <instance media-type="image/png" xlink:href="source/figures/fig05_correlation_estimates_sub.png"/>
  </item>
  <item item-type="article-source">
    <instance media-type="application/octet-stream" xlink:href="source/index.qmd"/>
  </item>
  <item item-type="article-source">
    <instance media-type="application/octet-stream" xlink:href="source/notebooks/figures-cohens_d.qmd"/>
  </item>
  <item item-type="article-source">
    <instance media-type="application/octet-stream" xlink:href="source/notebooks/figures-correlations.qmd"/>
  </item>
  <item item-type="article-source">
    <instance media-type="application/octet-stream" xlink:href="source/references.bib"/>
  </item>
  <item item-type="article-source">
    <instance media-type="application/octet-stream" xlink:href="source/reproducible-paper.Rproj"/>
  </item>
  <item item-type="article-source-directory">
    <instance media-type="application/x-directory" xlink:href="source"/>
  </item>
</manifest>