{
    "sources": [
        {
            "DOI": "10.1186/s13617-019-0085-5",
            "author": [
                {
                    "family": "Marrero",
                    "given": "José"
                },
                {
                    "family": "García",
                    "given": "Alicia"
                },
                {
                    "family": "Berrocoso",
                    "given": "Manuel"
                },
                {
                    "family": "Llinares",
                    "given": "Ángeles"
                },
                {
                    "family": "Rodríguez-Losada",
                    "given": "Antonio"
                },
                {
                    "family": "Ortiz",
                    "given": "R."
                }
            ],
            "container-title": "Journal of Applied Volcanology",
            "id": "marrero2019",
            "issued": {
                "date-parts": [
                    [
                        2019,
                        7
                    ]
                ]
            },
            "page": "",
            "title": "Strategies for the development of volcanic hazard maps in monogenetic volcanic fields: The example of La Palma (Canary Islands)",
            "title-short": "Strategies for the development of volcanic hazard maps in monogenetic volcanic fields",
            "type": "article-journal",
            "volume": "8"
        },
        {
            "DOI": "10.1038/d41586-019-01307-2",
            "URL": "http://www.nature.com/articles/d41586-019-01307-2",
            "author": [
                {
                    "family": "Bishop",
                    "given": "Dorothy"
                }
            ],
            "container-title": "Nature",
            "id": "bishop2019",
            "issue": "7753",
            "issued": {
                "date-parts": [
                    [
                        2019,
                        4
                    ]
                ]
            },
            "language": "en",
            "note": "Number: 7753",
            "page": "435-435",
            "title": "Rein in the four horsemen of irreproducibility",
            "type": "article-journal",
            "volume": "568"
        },
        {
            "DOI": "10.1038/d41586-019-01307-2",
            "URL": "http://www.nature.com/articles/d41586-019-01307-2",
            "author": [
                {
                    "family": "Bishop",
                    "given": "Dorothy"
                }
            ],
            "container-title": "Nature",
            "id": "bishop2019a",
            "issue": "7753",
            "issued": {
                "date-parts": [
                    [
                        2019,
                        4
                    ]
                ]
            },
            "language": "en",
            "note": "Number: 7753",
            "page": "435-435",
            "title": "Rein in the four horsemen of irreproducibility",
            "type": "article-journal",
            "volume": "568"
        },
        {
            "DOI": "10.1038/s41562-016-0021",
            "URL": "http://www.nature.com/articles/s41562-016-0021",
            "author": [
                {
                    "family": "Munafò",
                    "given": "Marcus R."
                },
                {
                    "family": "Nosek",
                    "given": "Brian A."
                },
                {
                    "family": "Bishop",
                    "given": "Dorothy V. M."
                },
                {
                    "family": "Button",
                    "given": "Katherine S."
                },
                {
                    "family": "Chambers",
                    "given": "Christopher D."
                },
                {
                    "family": "Percie du Sert",
                    "given": "Nathalie"
                },
                {
                    "family": "Simonsohn",
                    "given": "Uri"
                },
                {
                    "family": "Wagenmakers",
                    "given": "Eric-Jan"
                },
                {
                    "family": "Ware",
                    "given": "Jennifer J."
                },
                {
                    "family": "Ioannidis",
                    "given": "John P. A."
                }
            ],
            "container-title": "Nature Human Behaviour",
            "id": "munafò2017",
            "issue": "1",
            "issued": {
                "date-parts": [
                    [
                        2017,
                        1,
                        10
                    ]
                ]
            },
            "language": "en",
            "note": "Number: 1",
            "page": "0021",
            "title": "A manifesto for reproducible science",
            "type": "article-journal",
            "volume": "1"
        },
        {
            "DOI": "10.1016/j.dcn.2020.100902",
            "URL": "http://www.sciencedirect.com/science/article/pii/S1878929320301511",
            "author": [
                {
                    "family": "Klapwijk",
                    "given": "Eduard T."
                },
                {
                    "dropping-particle": "van den",
                    "family": "Bos",
                    "given": "Wouter"
                },
                {
                    "family": "Tamnes",
                    "given": "Christian K."
                },
                {
                    "family": "Raschle",
                    "given": "Nora M."
                },
                {
                    "family": "Mills",
                    "given": "Kathryn L."
                }
            ],
            "container-title": "Developmental Cognitive Neuroscience",
            "id": "klapwijk2021",
            "issued": {
                "date-parts": [
                    [
                        2021,
                        2,
                        1
                    ]
                ]
            },
            "language": "en",
            "page": "100902",
            "title": "Opportunities for increased reproducibility and replicability of developmental neuroimaging",
            "type": "article-journal",
            "volume": "47"
        },
        {
            "DOI": "10.1038/nrn.2016.167",
            "author": [
                {
                    "family": "Poldrack",
                    "given": "R. A."
                },
                {
                    "family": "Baker",
                    "given": "C. I."
                },
                {
                    "family": "Durnez",
                    "given": "J."
                },
                {
                    "family": "Gorgolewski",
                    "given": "K. J."
                },
                {
                    "family": "Matthews",
                    "given": "P. M."
                },
                {
                    "family": "Munafo",
                    "given": "M. R."
                },
                {
                    "family": "Nichols",
                    "given": "T. E."
                },
                {
                    "family": "Poline",
                    "given": "J. B."
                },
                {
                    "family": "Vul",
                    "given": "E."
                },
                {
                    "family": "Yarkoni",
                    "given": "T."
                }
            ],
            "container-title": "Nature Reviews Neuroscience",
            "id": "poldrack2017",
            "issue": "2",
            "issued": {
                "date-parts": [
                    [
                        2017,
                        2
                    ]
                ]
            },
            "note": "Number: 2",
            "page": "115-126",
            "title": "Scanning the horizon: Towards transparent and reproducible neuroimaging research",
            "title-short": "Scanning the horizon",
            "type": "article-journal",
            "volume": "18"
        },
        {
            "DOI": "10.1038/s41586-022-04492-9",
            "URL": "https://www.nature.com/articles/s41586-022-04492-9",
            "author": [
                {
                    "family": "Marek",
                    "given": "Scott"
                },
                {
                    "family": "Tervo-Clemmens",
                    "given": "Brenden"
                },
                {
                    "family": "Calabro",
                    "given": "Finnegan J."
                },
                {
                    "family": "Montez",
                    "given": "David F."
                },
                {
                    "family": "Kay",
                    "given": "Benjamin P."
                },
                {
                    "family": "Hatoum",
                    "given": "Alexander S."
                },
                {
                    "family": "Donohue",
                    "given": "Meghan Rose"
                },
                {
                    "family": "Foran",
                    "given": "William"
                },
                {
                    "family": "Miller",
                    "given": "Ryland L."
                },
                {
                    "family": "Hendrickson",
                    "given": "Timothy J."
                },
                {
                    "family": "Malone",
                    "given": "Stephen M."
                },
                {
                    "family": "Kandala",
                    "given": "Sridhar"
                },
                {
                    "family": "Feczko",
                    "given": "Eric"
                },
                {
                    "family": "Miranda-Dominguez",
                    "given": "Oscar"
                },
                {
                    "family": "Graham",
                    "given": "Alice M."
                },
                {
                    "family": "Earl",
                    "given": "Eric A."
                },
                {
                    "family": "Perrone",
                    "given": "Anders J."
                },
                {
                    "family": "Cordova",
                    "given": "Michaela"
                },
                {
                    "family": "Doyle",
                    "given": "Olivia"
                },
                {
                    "family": "Moore",
                    "given": "Lucille A."
                },
                {
                    "family": "Conan",
                    "given": "Gregory M."
                },
                {
                    "family": "Uriarte",
                    "given": "Johnny"
                },
                {
                    "family": "Snider",
                    "given": "Kathy"
                },
                {
                    "family": "Lynch",
                    "given": "Benjamin J."
                },
                {
                    "family": "Wilgenbusch",
                    "given": "James C."
                },
                {
                    "family": "Pengo",
                    "given": "Thomas"
                },
                {
                    "family": "Tam",
                    "given": "Angela"
                },
                {
                    "family": "Chen",
                    "given": "Jianzhong"
                },
                {
                    "family": "Newbold",
                    "given": "Dillan J."
                },
                {
                    "family": "Zheng",
                    "given": "Annie"
                },
                {
                    "family": "Seider",
                    "given": "Nicole A."
                },
                {
                    "family": "Van",
                    "given": "Andrew N."
                },
                {
                    "family": "Metoki",
                    "given": "Athanasia"
                },
                {
                    "family": "Chauvin",
                    "given": "Roselyne J."
                },
                {
                    "family": "Laumann",
                    "given": "Timothy O."
                },
                {
                    "family": "Greene",
                    "given": "Deanna J."
                },
                {
                    "family": "Petersen",
                    "given": "Steven E."
                },
                {
                    "family": "Garavan",
                    "given": "Hugh"
                },
                {
                    "family": "Thompson",
                    "given": "Wesley K."
                },
                {
                    "family": "Nichols",
                    "given": "Thomas E."
                },
                {
                    "family": "Yeo",
                    "given": "B. T. Thomas"
                },
                {
                    "family": "Barch",
                    "given": "Deanna M."
                },
                {
                    "family": "Luna",
                    "given": "Beatriz"
                },
                {
                    "family": "Fair",
                    "given": "Damien A."
                },
                {
                    "family": "Dosenbach",
                    "given": "Nico U. F."
                }
            ],
            "container-title": "Nature",
            "id": "marek2022",
            "issue": "7902",
            "issued": {
                "date-parts": [
                    [
                        2022,
                        3
                    ]
                ]
            },
            "language": "en",
            "note": "Publisher: Nature Publishing Group",
            "page": "654-660",
            "title": "Reproducible brain-wide association studies require thousands of individuals",
            "type": "article-journal",
            "volume": "603"
        },
        {
            "DOI": "10.1037/0033-2909.112.1.155",
            "URL": "https://login.ezproxy.leidenuniv.nl:2443/login?URL=http://search.ebscohost.com/login.aspx?direct=true&db=pdh&AN=1992-37683-001&site=ehost-live",
            "author": [
                {
                    "family": "Cohen",
                    "given": "Jacob"
                }
            ],
            "container-title": "Psychological Bulletin",
            "id": "cohen1992",
            "issue": "1",
            "issued": {
                "date-parts": [
                    [
                        1992,
                        7
                    ]
                ]
            },
            "note": "Publisher: American Psychological Association",
            "page": "155-159",
            "title": "A power primer",
            "type": "article-journal",
            "volume": "112"
        },
        {
            "DOI": "10.1177/2515245919847202",
            "URL": "https://doi.org/10.1177/2515245919847202",
            "author": [
                {
                    "family": "Funder",
                    "given": "David C."
                },
                {
                    "family": "Ozer",
                    "given": "Daniel J."
                }
            ],
            "container-title": "Advances in Methods and Practices in Psychological Science",
            "id": "funder2019",
            "issue": "2",
            "issued": {
                "date-parts": [
                    [
                        2019,
                        6,
                        1
                    ]
                ]
            },
            "language": "en",
            "note": "Publisher: SAGE Publications Inc",
            "page": "156-168",
            "title": "Evaluating Effect Size in Psychological Research: Sense and Nonsense",
            "title-short": "Evaluating Effect Size in Psychological Research",
            "type": "article-journal",
            "volume": "2"
        },
        {
            "DOI": "10.1016/j.paid.2016.06.069",
            "URL": "http://www.sciencedirect.com/science/article/pii/S0191886916308194",
            "author": [
                {
                    "family": "Gignac",
                    "given": "Gilles E."
                },
                {
                    "family": "Szodorai",
                    "given": "Eva T."
                }
            ],
            "container-title": "Personality and Individual Differences",
            "id": "gignac2016",
            "issued": {
                "date-parts": [
                    [
                        2016,
                        11,
                        1
                    ]
                ]
            },
            "page": "74-78",
            "title": "Effect size guidelines for individual differences researchers",
            "type": "article-journal",
            "volume": "102"
        },
        {
            "DOI": "10.1111/j.1745-6924.2009.01127.x",
            "URL": "https://doi.org/10.1111/j.1745-6924.2009.01127.x",
            "author": [
                {
                    "family": "Yarkoni",
                    "given": "Tal"
                }
            ],
            "container-title": "Perspectives on Psychological Science",
            "id": "yarkoni2009",
            "issue": "3",
            "issued": {
                "date-parts": [
                    [
                        2009,
                        5,
                        1
                    ]
                ]
            },
            "language": "en",
            "note": "Publisher: SAGE Publications Inc",
            "page": "294-298",
            "title": "Big Correlations in Little Studies: Inflated fMRI Correlations Reflect Low Statistical PowerCommentary on Vul et al. (2009)",
            "title-short": "Big Correlations in Little Studies",
            "type": "article-journal",
            "volume": "4"
        },
        {
            "DOI": "10.1038/nrn3475",
            "URL": "http://www.nature.com/articles/nrn3475",
            "author": [
                {
                    "family": "Button",
                    "given": "Katherine S."
                },
                {
                    "family": "Ioannidis",
                    "given": "John P. A."
                },
                {
                    "family": "Mokrysz",
                    "given": "Claire"
                },
                {
                    "family": "Nosek",
                    "given": "Brian A."
                },
                {
                    "family": "Flint",
                    "given": "Jonathan"
                },
                {
                    "family": "Robinson",
                    "given": "Emma S. J."
                },
                {
                    "family": "Munafò",
                    "given": "Marcus R."
                }
            ],
            "container-title": "Nature Reviews Neuroscience",
            "id": "button2013",
            "issue": "5",
            "issued": {
                "date-parts": [
                    [
                        2013,
                        5
                    ]
                ]
            },
            "language": "en",
            "note": "Number: 5",
            "page": "365-376",
            "title": "Power failure: why small sample size undermines the reliability of neuroscience",
            "title-short": "Power failure",
            "type": "article-journal",
            "volume": "14"
        },
        {
            "DOI": "10.1037/1082-989X.9.2.147",
            "URL": "http://doi.apa.org/getdoi.cfm?doi=10.1037/1082-989X.9.2.147",
            "author": [
                {
                    "family": "Maxwell",
                    "given": "Scott E."
                }
            ],
            "container-title": "Psychological Methods",
            "id": "maxwell2004",
            "issue": "2",
            "issued": {
                "date-parts": [
                    [
                        2004
                    ]
                ]
            },
            "language": "en",
            "page": "147-163",
            "title": "The Persistence of Underpowered Studies in Psychological Research: Causes, Consequences, and Remedies.",
            "title-short": "The Persistence of Underpowered Studies in Psychological Research",
            "type": "article-journal",
            "volume": "9"
        },
        {
            "DOI": "10.1523/JNEUROSCI.3592-16.2017",
            "URL": "http://www.jneurosci.org/content/37/34/8051",
            "author": [
                {
                    "family": "Nord",
                    "given": "Camilla L."
                },
                {
                    "family": "Valton",
                    "given": "Vincent"
                },
                {
                    "family": "Wood",
                    "given": "John"
                },
                {
                    "family": "Roiser",
                    "given": "Jonathan P."
                }
            ],
            "container-title": "Journal of Neuroscience",
            "id": "nord2017",
            "issue": "34",
            "issued": {
                "date-parts": [
                    [
                        2017,
                        8,
                        23
                    ]
                ]
            },
            "language": "en",
            "note": "Number: 34 PMID: 28706080",
            "page": "8051-8061",
            "title": "Power-up: A Reanalysis of ’Power Failure’ in Neuroscience Using Mixture Modeling",
            "title-short": "Power-up",
            "type": "article-journal",
            "volume": "37"
        },
        {
            "DOI": "10.1371/journal.pbio.2000797",
            "URL": "https://journals.plos.org/plosbiology/article?id=10.1371/journal.pbio.2000797",
            "author": [
                {
                    "family": "Szucs",
                    "given": "Denes"
                },
                {
                    "family": "Ioannidis",
                    "given": "John P. A."
                }
            ],
            "container-title": "PLOS Biology",
            "id": "szucs2017",
            "issue": "3",
            "issued": {
                "date-parts": [
                    [
                        2017,
                        3,
                        2
                    ]
                ]
            },
            "language": "en",
            "note": "Number: 3",
            "page": "e2000797",
            "title": "Empirical assessment of published effect sizes and power in the recent cognitive neuroscience and psychology literature",
            "type": "article-journal",
            "volume": "15"
        },
        {
            "DOI": "10.1038/s42003-018-0073-z",
            "URL": "http://www.nature.com/articles/s42003-018-0073-z",
            "author": [
                {
                    "family": "Turner",
                    "given": "Benjamin O."
                },
                {
                    "family": "Paul",
                    "given": "Erick J."
                },
                {
                    "family": "Miller",
                    "given": "Michael B."
                },
                {
                    "family": "Barbey",
                    "given": "Aron K."
                }
            ],
            "container-title": "Communications Biology",
            "id": "turner2018",
            "issue": "1",
            "issued": {
                "date-parts": [
                    [
                        2018,
                        12
                    ]
                ]
            },
            "language": "en",
            "note": "Number: 1",
            "title": "Small sample sizes reduce the replicability of task-based fMRI studies",
            "type": "article-journal",
            "volume": "1"
        },
        {
            "DOI": "10.1016/j.dcn.2019.100667",
            "URL": "https://www.sciencedirect.com/science/article/pii/S1878929318302172",
            "author": [
                {
                    "family": "Achterberg",
                    "given": "Michelle"
                },
                {
                    "dropping-particle": "van der",
                    "family": "Meulen",
                    "given": "Mara"
                }
            ],
            "container-title": "Developmental Cognitive Neuroscience",
            "id": "achterberg2019",
            "issued": {
                "date-parts": [
                    [
                        2019,
                        8,
                        1
                    ]
                ]
            },
            "page": "100667",
            "title": "Genetic and environmental influences on MRI scan quantity and quality",
            "type": "article-journal",
            "volume": "38"
        },
        {
            "DOI": "10.1038/mp.2010.4",
            "URL": "https://www.nature.com/articles/mp20104",
            "author": [
                {
                    "family": "Schumann",
                    "given": "G."
                },
                {
                    "family": "Loth",
                    "given": "E."
                },
                {
                    "family": "Banaschewski",
                    "given": "T."
                },
                {
                    "family": "Barbot",
                    "given": "A."
                },
                {
                    "family": "Barker",
                    "given": "G."
                },
                {
                    "family": "Büchel",
                    "given": "C."
                },
                {
                    "family": "Conrod",
                    "given": "P. J."
                },
                {
                    "family": "Dalley",
                    "given": "J. W."
                },
                {
                    "family": "Flor",
                    "given": "H."
                },
                {
                    "family": "Gallinat",
                    "given": "J."
                },
                {
                    "family": "Garavan",
                    "given": "H."
                },
                {
                    "family": "Heinz",
                    "given": "A."
                },
                {
                    "family": "Itterman",
                    "given": "B."
                },
                {
                    "family": "Lathrop",
                    "given": "M."
                },
                {
                    "family": "Mallik",
                    "given": "C."
                },
                {
                    "family": "Mann",
                    "given": "K."
                },
                {
                    "family": "Martinot",
                    "given": "J.-L."
                },
                {
                    "family": "Paus",
                    "given": "T."
                },
                {
                    "family": "Poline",
                    "given": "J.-B."
                },
                {
                    "family": "Robbins",
                    "given": "T. W."
                },
                {
                    "family": "Rietschel",
                    "given": "M."
                },
                {
                    "family": "Reed",
                    "given": "L."
                },
                {
                    "family": "Smolka",
                    "given": "M."
                },
                {
                    "family": "Spanagel",
                    "given": "R."
                },
                {
                    "family": "Speiser",
                    "given": "C."
                },
                {
                    "family": "Stephens",
                    "given": "D. N."
                },
                {
                    "family": "Ströhle",
                    "given": "A."
                },
                {
                    "family": "Struve",
                    "given": "M."
                }
            ],
            "container-title": "Molecular Psychiatry",
            "id": "schumann2010",
            "issue": "12",
            "issued": {
                "date-parts": [
                    [
                        2010,
                        12
                    ]
                ]
            },
            "language": "en",
            "note": "Number: 12 Publisher: Nature Publishing Group",
            "page": "1128-1139",
            "title": "The IMAGEN study: reinforcement-related behaviour in normal brain function and psychopathology",
            "title-short": "The IMAGEN study",
            "type": "article-journal",
            "volume": "15"
        },
        {
            "DOI": "10.1016/j.neuroimage.2015.03.056",
            "URL": "http://www.sciencedirect.com/science/article/pii/S1053811915002529",
            "author": [
                {
                    "family": "Satterthwaite",
                    "given": "Theodore D."
                },
                {
                    "family": "Connolly",
                    "given": "John J."
                },
                {
                    "family": "Ruparel",
                    "given": "Kosha"
                },
                {
                    "family": "Calkins",
                    "given": "Monica E."
                },
                {
                    "family": "Jackson",
                    "given": "Chad"
                },
                {
                    "family": "Elliott",
                    "given": "Mark A."
                },
                {
                    "family": "Roalf",
                    "given": "David R."
                },
                {
                    "family": "Hopson",
                    "given": "Ryan"
                },
                {
                    "family": "Prabhakaran",
                    "given": "Karthik"
                },
                {
                    "family": "Behr",
                    "given": "Meckenzie"
                },
                {
                    "family": "Qiu",
                    "given": "Haijun"
                },
                {
                    "family": "Mentch",
                    "given": "Frank D."
                },
                {
                    "family": "Chiavacci",
                    "given": "Rosetta"
                },
                {
                    "family": "Sleiman",
                    "given": "Patrick M. A."
                },
                {
                    "family": "Gur",
                    "given": "Ruben C."
                },
                {
                    "family": "Hakonarson",
                    "given": "Hakon"
                },
                {
                    "family": "Gur",
                    "given": "Raquel E."
                }
            ],
            "collection-title": "Sharing the wealth: Brain Imaging Repositories in 2015",
            "container-title": "NeuroImage",
            "id": "satterthwaite2016",
            "issued": {
                "date-parts": [
                    [
                        2016,
                        1,
                        1
                    ]
                ]
            },
            "language": "en",
            "page": "1115-1119",
            "title": "The Philadelphia Neurodevelopmental Cohort: A publicly available resource for the study of normal and abnormal brain development in youth",
            "title-short": "The Philadelphia Neurodevelopmental Cohort",
            "type": "article-journal",
            "volume": "124"
        },
        {
            "DOI": "10.1016/j.neuroimage.2018.08.050",
            "URL": "http://www.sciencedirect.com/science/article/pii/S1053811918307481",
            "author": [
                {
                    "family": "Somerville",
                    "given": "Leah H."
                },
                {
                    "family": "Bookheimer",
                    "given": "Susan Y."
                },
                {
                    "family": "Buckner",
                    "given": "Randy L."
                },
                {
                    "family": "Burgess",
                    "given": "Gregory C."
                },
                {
                    "family": "Curtiss",
                    "given": "Sandra W."
                },
                {
                    "family": "Dapretto",
                    "given": "Mirella"
                },
                {
                    "family": "Elam",
                    "given": "Jennifer Stine"
                },
                {
                    "family": "Gaffrey",
                    "given": "Michael S."
                },
                {
                    "family": "Harms",
                    "given": "Michael P."
                },
                {
                    "family": "Hodge",
                    "given": "Cynthia"
                },
                {
                    "family": "Kandala",
                    "given": "Sridhar"
                },
                {
                    "family": "Kastman",
                    "given": "Erik K."
                },
                {
                    "family": "Nichols",
                    "given": "Thomas E."
                },
                {
                    "family": "Schlaggar",
                    "given": "Bradley L."
                },
                {
                    "family": "Smith",
                    "given": "Stephen M."
                },
                {
                    "family": "Thomas",
                    "given": "Kathleen M."
                },
                {
                    "family": "Yacoub",
                    "given": "Essa"
                },
                {
                    "family": "Van Essen",
                    "given": "David C."
                },
                {
                    "family": "Barch",
                    "given": "Deanna M."
                }
            ],
            "container-title": "NeuroImage",
            "id": "somerville2018",
            "issued": {
                "date-parts": [
                    [
                        2018,
                        12,
                        1
                    ]
                ]
            },
            "language": "en",
            "page": "456-468",
            "title": "The Lifespan Human Connectome Project in Development: A large-scale study of brain connectivity development in 521 year olds",
            "title-short": "The Lifespan Human Connectome Project in Development",
            "type": "article-journal",
            "volume": "183"
        },
        {
            "DOI": "10.1016/j.dcn.2018.03.001",
            "URL": "http://www.sciencedirect.com/science/article/pii/S1878929317301214",
            "author": [
                {
                    "family": "Casey",
                    "given": "B. J."
                },
                {
                    "family": "Cannonier",
                    "given": "Tariq"
                },
                {
                    "family": "Conley",
                    "given": "May I."
                },
                {
                    "family": "Cohen",
                    "given": "Alexandra O."
                },
                {
                    "family": "Barch",
                    "given": "Deanna M."
                },
                {
                    "family": "Heitzeg",
                    "given": "Mary M."
                },
                {
                    "family": "Soules",
                    "given": "Mary E."
                },
                {
                    "family": "Teslovich",
                    "given": "Theresa"
                },
                {
                    "family": "Dellarco",
                    "given": "Danielle V."
                },
                {
                    "family": "Garavan",
                    "given": "Hugh"
                },
                {
                    "family": "Orr",
                    "given": "Catherine A."
                },
                {
                    "family": "Wager",
                    "given": "Tor D."
                },
                {
                    "family": "Banich",
                    "given": "Marie T."
                },
                {
                    "family": "Speer",
                    "given": "Nicole K."
                },
                {
                    "family": "Sutherland",
                    "given": "Matthew T."
                },
                {
                    "family": "Riedel",
                    "given": "Michael C."
                },
                {
                    "family": "Dick",
                    "given": "Anthony S."
                },
                {
                    "family": "Bjork",
                    "given": "James M."
                },
                {
                    "family": "Thomas",
                    "given": "Kathleen M."
                },
                {
                    "family": "Chaarani",
                    "given": "Bader"
                },
                {
                    "family": "Mejia",
                    "given": "Margie H."
                },
                {
                    "family": "Hagler",
                    "given": "Donald J."
                },
                {
                    "family": "Daniela Cornejo",
                    "given": "M."
                },
                {
                    "family": "Sicat",
                    "given": "Chelsea S."
                },
                {
                    "family": "Harms",
                    "given": "Michael P."
                },
                {
                    "family": "Dosenbach",
                    "given": "Nico U. F."
                },
                {
                    "family": "Rosenberg",
                    "given": "Monica"
                },
                {
                    "family": "Earl",
                    "given": "Eric"
                },
                {
                    "family": "Bartsch",
                    "given": "Hauke"
                },
                {
                    "family": "Watts",
                    "given": "Richard"
                },
                {
                    "family": "Polimeni",
                    "given": "Jonathan R."
                },
                {
                    "family": "Kuperman",
                    "given": "Joshua M."
                },
                {
                    "family": "Fair",
                    "given": "Damien A."
                },
                {
                    "family": "Dale",
                    "given": "Anders M."
                }
            ],
            "collection-title": "The adolescent brain cognitive development (ABCD) consortium: Rationale, aims, and assessment strategy",
            "container-title": "Developmental Cognitive Neuroscience",
            "id": "casey2018",
            "issued": {
                "date-parts": [
                    [
                        2018,
                        8,
                        1
                    ]
                ]
            },
            "page": "43-54",
            "title": "The adolescent brain cognitive development (ABCD) study: Imaging acquisition across 21 sites",
            "title-short": "The adolescent brain cognitive development (ABCD) study",
            "type": "article-journal",
            "volume": "32"
        },
        {
            "DOI": "10.1177/1745691614551642",
            "URL": "https://doi.org/10.1177/1745691614551642",
            "author": [
                {
                    "family": "Gelman",
                    "given": "Andrew"
                },
                {
                    "family": "Carlin",
                    "given": "John"
                }
            ],
            "container-title": "Perspectives on Psychological Science",
            "id": "gelman2014",
            "issue": "6",
            "issued": {
                "date-parts": [
                    [
                        2014,
                        11,
                        1
                    ]
                ]
            },
            "language": "en",
            "note": "Publisher: SAGE Publications Inc",
            "page": "641-651",
            "title": "Beyond Power Calculations: Assessing Type S (Sign) and Type M (Magnitude) Errors",
            "title-short": "Beyond Power Calculations",
            "type": "article-journal",
            "volume": "9"
        },
        {
            "DOI": "10.1371/journal.pmed.0020124",
            "URL": "https://journals.plos.org/plosmedicine/article?id=10.1371/journal.pmed.0020124",
            "author": [
                {
                    "family": "Ioannidis",
                    "given": "John P. A."
                }
            ],
            "container-title": "PLOS Medicine",
            "id": "ioannidis2005",
            "issue": "8",
            "issued": {
                "date-parts": [
                    [
                        2005,
                        8,
                        30
                    ]
                ]
            },
            "language": "en",
            "note": "Number: 8",
            "page": "e124",
            "title": "Why Most Published Research Findings Are False",
            "type": "article-journal",
            "volume": "2"
        },
        {
            "DOI": "10.1126/science.aac4716",
            "URL": "https://science.sciencemag.org/content/349/6251/aac4716",
            "author": [
                {
                    "family": "Open Science Collaboration"
                }
            ],
            "container-title": "Science",
            "id": "opensciencecollaboration2015",
            "issue": "6251",
            "issued": {
                "date-parts": [
                    [
                        2015,
                        8,
                        28
                    ]
                ]
            },
            "language": "en",
            "note": "Number: 6251 PMID: 26315443",
            "page": "aac4716",
            "title": "Estimating the reproducibility of psychological science",
            "type": "article-journal",
            "volume": "349"
        },
        {
            "URL": "https://www.frontiersin.org/articles/10.3389/fpsyg.2016.01832",
            "author": [
                {
                    "family": "Wicherts",
                    "given": "Jelte M."
                },
                {
                    "family": "Veldkamp",
                    "given": "Coosje L. S."
                },
                {
                    "family": "Augusteijn",
                    "given": "Hilde E. M."
                },
                {
                    "family": "Bakker",
                    "given": "Marjan"
                },
                {
                    "dropping-particle": "van",
                    "family": "Aert",
                    "given": "Robbie C. M."
                },
                {
                    "dropping-particle": "van",
                    "family": "Assen",
                    "given": "Marcel A. L. M."
                }
            ],
            "container-title": "Frontiers in Psychology",
            "id": "wicherts2016",
            "issued": {
                "date-parts": [
                    [
                        2016
                    ]
                ]
            },
            "title": "Degrees of freedom in planning, running, analyzing, and reporting psychological studies: A checklist to avoid p-hacking",
            "title-short": "Degrees of freedom in planning, running, analyzing, and reporting psychological studies",
            "type": "article-journal",
            "volume": "7"
        },
        {
            "DOI": "10.3758/s13423-014-0595-4",
            "URL": "https://doi.org/10.3758/s13423-014-0595-4",
            "author": [
                {
                    "family": "Rouder",
                    "given": "Jeffrey N."
                }
            ],
            "container-title": "Psychonomic Bulletin & Review",
            "id": "rouder2014",
            "issue": "2",
            "issued": {
                "date-parts": [
                    [
                        2014,
                        4,
                        1
                    ]
                ]
            },
            "language": "en",
            "page": "301-308",
            "title": "Optional stopping: No problem for Bayesians",
            "title-short": "Optional stopping",
            "type": "article-journal",
            "volume": "21"
        },
        {
            "DOI": "10.1016/j.tics.2017.01.003",
            "author": [
                {
                    "family": "Crone",
                    "given": "Eveline A."
                },
                {
                    "family": "Steinbeis",
                    "given": "Nikolaus"
                }
            ],
            "container-title": "Trends in Cognitive Sciences",
            "id": "crone2017",
            "issue": "3",
            "issued": {
                "date-parts": [
                    [
                        2017,
                        3
                    ]
                ]
            },
            "language": "eng",
            "note": "PMID: 28159355",
            "page": "205-215",
            "title": "Neural Perspectives on Cognitive Control Development during Childhood and Adolescence",
            "type": "article-journal",
            "volume": "21"
        },
        {
            "DOI": "10.1016/j.neuroimage.2014.06.020",
            "URL": "http://www.sciencedirect.com/science/article/pii/S1053811914004972",
            "author": [
                {
                    "family": "Braams",
                    "given": "Barbara R."
                },
                {
                    "family": "Peters",
                    "given": "Sabine"
                },
                {
                    "family": "Peper",
                    "given": "Jiska S."
                },
                {
                    "family": "Güroğlu",
                    "given": "Berna"
                },
                {
                    "family": "Crone",
                    "given": "Eveline A."
                }
            ],
            "container-title": "NeuroImage",
            "id": "braams2014",
            "issued": {
                "date-parts": [
                    [
                        2014,
                        10,
                        15
                    ]
                ]
            },
            "language": "en",
            "page": "281-289",
            "title": "Gambling for self, friends, and antagonists: Differential contributions of affective and social brain regions on adolescent reward processing",
            "title-short": "Gambling for self, friends, and antagonists",
            "type": "article-journal",
            "volume": "100"
        },
        {
            "DOI": "10.1038/s41467-017-02174-z",
            "author": [
                {
                    "family": "Peters",
                    "given": "Sabine"
                },
                {
                    "family": "Crone",
                    "given": "Eveline A."
                }
            ],
            "container-title": "Nature Communications",
            "id": "peters2017",
            "issue": "1",
            "issued": {
                "date-parts": [
                    [
                        2017,
                        12,
                        19
                    ]
                ]
            },
            "note": "Number: 1 PMCID: PMC5736614",
            "page": "1983",
            "title": "Increased striatal activity in adolescence benefits learning",
            "type": "article-journal",
            "volume": "8"
        },
        {
            "DOI": "10.1111/jora.12820",
            "URL": "https://onlinelibrary.wiley.com/doi/abs/10.1111/jora.12820",
            "author": [
                {
                    "family": "Spaans",
                    "given": "Jochem"
                },
                {
                    "family": "Peters",
                    "given": "Sabine"
                },
                {
                    "family": "Becht",
                    "given": "Andrik"
                },
                {
                    "dropping-particle": "van der",
                    "family": "Cruijsen",
                    "given": "Renske"
                },
                {
                    "dropping-particle": "van de",
                    "family": "Groep",
                    "given": "Suzanne"
                },
                {
                    "family": "Crone",
                    "given": "Eveline A."
                }
            ],
            "container-title": "Journal of Research on Adolescence",
            "id": "spaans2023",
            "issue": "2",
            "issued": {
                "date-parts": [
                    [
                        2023
                    ]
                ]
            },
            "language": "en",
            "note": "_eprint: https://onlinelibrary.wiley.com/doi/pdf/10.1111/jora.12820",
            "page": "480-495",
            "title": "Longitudinal neural and behavioral trajectories of charity contributions across adolescence",
            "type": "article-journal",
            "volume": "33"
        },
        {
            "DOI": "10.1093/scan/nsac062",
            "URL": "https://doi.org/10.1093/scan/nsac062",
            "author": [
                {
                    "dropping-particle": "van der",
                    "family": "Cruijsen",
                    "given": "Renske"
                },
                {
                    "family": "Blankenstein",
                    "given": "Neeltje E"
                },
                {
                    "family": "Spaans",
                    "given": "Jochem P"
                },
                {
                    "family": "Peters",
                    "given": "Sabine"
                },
                {
                    "family": "Crone",
                    "given": "Eveline A"
                }
            ],
            "container-title": "Social Cognitive and Affective Neuroscience",
            "id": "vandercruijsen2023",
            "issue": "1",
            "issued": {
                "date-parts": [
                    [
                        2023,
                        1,
                        1
                    ]
                ]
            },
            "page": "nsac062",
            "title": "Longitudinal self-concept development in adolescence",
            "type": "article-journal",
            "volume": "18"
        },
        {
            "DOI": "10.1201/9780429246593",
            "author": [
                {
                    "family": "Efron",
                    "given": "Bradley"
                },
                {
                    "family": "Tibshirani",
                    "given": "R. J."
                }
            ],
            "id": "efron1994",
            "issued": {
                "date-parts": [
                    [
                        1994,
                        5,
                        15
                    ]
                ]
            },
            "note": "DOI: 10.1201/9780429246593",
            "publisher": "Chapman; Hall/CRC",
            "publisher-place": "New York",
            "title": "An introduction to the bootstrap",
            "type": "book"
        },
        {
            "DOI": "10.5281/zenodo.11526169",
            "URL": "https://doi.org/10.5281/zenodo.11526169",
            "author": [
                {
                    "family": "Klapwijk",
                    "given": "Eduard"
                },
                {
                    "family": "Hoijtink",
                    "given": "Herbert"
                },
                {
                    "family": "Jongerling",
                    "given": "Joran"
                }
            ],
            "id": "eduardklapwijk202411526169",
            "issued": {
                "date-parts": [
                    [
                        2024,
                        6
                    ]
                ]
            },
            "note": "Citation Key: eduard_klapwijk_2024_11526169 DOI: 10.5281/zenodo.11526169",
            "publisher": "Zenodo",
            "title": "neuroUp: Plan sample size for fMRI regions of interest research using bayesian updating",
            "title-short": "neuroUp",
            "type": "book"
        },
        {
            "DOI": "10.21105/joss.01686",
            "URL": "https://joss.theoj.org/papers/10.21105/joss.01686",
            "author": [
                {
                    "family": "Wickham",
                    "given": "Hadley"
                },
                {
                    "family": "Averick",
                    "given": "Mara"
                },
                {
                    "family": "Bryan",
                    "given": "Jennifer"
                },
                {
                    "family": "Chang",
                    "given": "Winston"
                },
                {
                    "family": "McGowan",
                    "given": "Lucy D’Agostino"
                },
                {
                    "family": "François",
                    "given": "Romain"
                },
                {
                    "family": "Grolemund",
                    "given": "Garrett"
                },
                {
                    "family": "Hayes",
                    "given": "Alex"
                },
                {
                    "family": "Henry",
                    "given": "Lionel"
                },
                {
                    "family": "Hester",
                    "given": "Jim"
                },
                {
                    "family": "Kuhn",
                    "given": "Max"
                },
                {
                    "family": "Pedersen",
                    "given": "Thomas Lin"
                },
                {
                    "family": "Miller",
                    "given": "Evan"
                },
                {
                    "family": "Bache",
                    "given": "Stephan Milton"
                },
                {
                    "family": "Müller",
                    "given": "Kirill"
                },
                {
                    "family": "Ooms",
                    "given": "Jeroen"
                },
                {
                    "family": "Robinson",
                    "given": "David"
                },
                {
                    "family": "Seidel",
                    "given": "Dana Paige"
                },
                {
                    "family": "Spinu",
                    "given": "Vitalie"
                },
                {
                    "family": "Takahashi",
                    "given": "Kohske"
                },
                {
                    "family": "Vaughan",
                    "given": "Davis"
                },
                {
                    "family": "Wilke",
                    "given": "Claus"
                },
                {
                    "family": "Woo",
                    "given": "Kara"
                },
                {
                    "family": "Yutani",
                    "given": "Hiroaki"
                }
            ],
            "container-title": "Journal of Open Source Software",
            "id": "wickham2019",
            "issue": "43",
            "issued": {
                "date-parts": [
                    [
                        2019,
                        11,
                        21
                    ]
                ]
            },
            "language": "en",
            "page": "1686",
            "title": "Welcome to the Tidyverse",
            "type": "article-journal",
            "volume": "4"
        },
        {
            "DOI": "10.1016/j.jrp.2013.05.009",
            "URL": "http://www.sciencedirect.com/science/article/pii/S0092656613000858",
            "author": [
                {
                    "family": "Schönbrodt",
                    "given": "Felix D."
                },
                {
                    "family": "Perugini",
                    "given": "Marco"
                }
            ],
            "container-title": "Journal of Research in Personality",
            "id": "schönbrodt2013",
            "issue": "5",
            "issued": {
                "date-parts": [
                    [
                        2013,
                        10,
                        1
                    ]
                ]
            },
            "note": "Number: 5",
            "page": "609-612",
            "title": "At what sample size do correlations stabilize?",
            "type": "article-journal",
            "volume": "47"
        },
        {
            "DOI": "10.3758/s13415-013-0195-1",
            "URL": "https://doi.org/10.3758/s13415-013-0195-1",
            "author": [
                {
                    "family": "Bennett",
                    "given": "Craig M."
                },
                {
                    "family": "Miller",
                    "given": "Michael B."
                }
            ],
            "container-title": "Cognitive, Affective, & Behavioral Neuroscience",
            "id": "bennett2013",
            "issue": "4",
            "issued": {
                "date-parts": [
                    [
                        2013,
                        12,
                        1
                    ]
                ]
            },
            "language": "en",
            "page": "690-702",
            "title": "fMRI reliability: Influences of task and experimental design",
            "title-short": "fMRI reliability",
            "type": "article-journal",
            "volume": "13"
        },
        {
            "DOI": "10.1177/0956797620916786",
            "URL": "https://doi.org/10.1177/0956797620916786",
            "author": [
                {
                    "family": "Elliott",
                    "given": "Maxwell L."
                },
                {
                    "family": "Knodt",
                    "given": "Annchen R."
                },
                {
                    "family": "Ireland",
                    "given": "David"
                },
                {
                    "family": "Morris",
                    "given": "Meriwether L."
                },
                {
                    "family": "Poulton",
                    "given": "Richie"
                },
                {
                    "family": "Ramrakha",
                    "given": "Sandhya"
                },
                {
                    "family": "Sison",
                    "given": "Maria L."
                },
                {
                    "family": "Moffitt",
                    "given": "Terrie E."
                },
                {
                    "family": "Caspi",
                    "given": "Avshalom"
                },
                {
                    "family": "Hariri",
                    "given": "Ahmad R."
                }
            ],
            "container-title": "Psychological Science",
            "id": "elliott2020",
            "issue": "7",
            "issued": {
                "date-parts": [
                    [
                        2020,
                        7,
                        1
                    ]
                ]
            },
            "language": "en",
            "note": "Publisher: SAGE Publications Inc",
            "page": "792-806",
            "title": "What Is the Test-Retest Reliability of Common Task-Functional MRI Measures? New Empirical Evidence and a Meta-Analysis",
            "type": "article-journal",
            "volume": "31"
        },
        {
            "DOI": "10.1016/j.neuroimage.2018.01.020",
            "URL": "http://www.sciencedirect.com/science/article/pii/S1053811918300211",
            "author": [
                {
                    "family": "Herting",
                    "given": "Megan M."
                },
                {
                    "family": "Johnson",
                    "given": "Cory"
                },
                {
                    "family": "Mills",
                    "given": "Kathryn L."
                },
                {
                    "family": "Vijayakumar",
                    "given": "Nandita"
                },
                {
                    "family": "Dennison",
                    "given": "Meg"
                },
                {
                    "family": "Liu",
                    "given": "Chang"
                },
                {
                    "family": "Goddings",
                    "given": "Anne-Lise"
                },
                {
                    "family": "Dahl",
                    "given": "Ronald E."
                },
                {
                    "family": "Sowell",
                    "given": "Elizabeth R."
                },
                {
                    "family": "Whittle",
                    "given": "Sarah"
                },
                {
                    "family": "Allen",
                    "given": "Nicholas B."
                },
                {
                    "family": "Tamnes",
                    "given": "Christian K."
                }
            ],
            "container-title": "NeuroImage",
            "id": "herting2018",
            "issued": {
                "date-parts": [
                    [
                        2018,
                        5,
                        15
                    ]
                ]
            },
            "page": "194-205",
            "title": "Development of subcortical volumes across adolescence in males and females: A multisample study of longitudinal changes",
            "title-short": "Development of subcortical volumes across adolescence in males and females",
            "type": "article-journal",
            "volume": "172"
        },
        {
            "DOI": "10.1016/j.neuroimage.2021.118262",
            "URL": "https://www.sciencedirect.com/science/article/pii/S1053811921005395",
            "author": [
                {
                    "family": "Dick",
                    "given": "Anthony Steven"
                },
                {
                    "family": "Lopez",
                    "given": "Daniel A."
                },
                {
                    "family": "Watts",
                    "given": "Ashley L."
                },
                {
                    "family": "Heeringa",
                    "given": "Steven"
                },
                {
                    "family": "Reuter",
                    "given": "Chase"
                },
                {
                    "family": "Bartsch",
                    "given": "Hauke"
                },
                {
                    "family": "Fan",
                    "given": "Chun Chieh"
                },
                {
                    "family": "Kennedy",
                    "given": "David N."
                },
                {
                    "family": "Palmer",
                    "given": "Clare"
                },
                {
                    "family": "Marshall",
                    "given": "Andrew"
                },
                {
                    "family": "Haist",
                    "given": "Frank"
                },
                {
                    "family": "Hawes",
                    "given": "Samuel"
                },
                {
                    "family": "Nichols",
                    "given": "Thomas E."
                },
                {
                    "family": "Barch",
                    "given": "Deanna M."
                },
                {
                    "family": "Jernigan",
                    "given": "Terry L."
                },
                {
                    "family": "Garavan",
                    "given": "Hugh"
                },
                {
                    "family": "Grant",
                    "given": "Steven"
                },
                {
                    "family": "Pariyadath",
                    "given": "Vani"
                },
                {
                    "family": "Hoffman",
                    "given": "Elizabeth"
                },
                {
                    "family": "Neale",
                    "given": "Michael"
                },
                {
                    "family": "Stuart",
                    "given": "Elizabeth A."
                },
                {
                    "family": "Paulus",
                    "given": "Martin P."
                },
                {
                    "family": "Sher",
                    "given": "Kenneth J."
                },
                {
                    "family": "Thompson",
                    "given": "Wesley K."
                }
            ],
            "container-title": "NeuroImage",
            "id": "dick2021",
            "issued": {
                "date-parts": [
                    [
                        2021,
                        10,
                        1
                    ]
                ]
            },
            "page": "118262",
            "title": "Meaningful associations in the adolescent brain cognitive development study",
            "type": "article-journal",
            "volume": "239"
        },
        {
            "DOI": "10.1177/2515245919847202",
            "URL": "https://doi.org/10.1177/2515245919847202",
            "author": [
                {
                    "family": "Funder",
                    "given": "David C."
                },
                {
                    "family": "Ozer",
                    "given": "Daniel J."
                }
            ],
            "container-title": "Advances in Methods and Practices in Psychological Science",
            "id": "funder2019a",
            "issue": "2",
            "issued": {
                "date-parts": [
                    [
                        2019,
                        6,
                        1
                    ]
                ]
            },
            "language": "en",
            "note": "Publisher: SAGE Publications Inc",
            "page": "156-168",
            "title": "Evaluating Effect Size in Psychological Research: Sense and Nonsense",
            "title-short": "Evaluating Effect Size in Psychological Research",
            "type": "article-journal",
            "volume": "2"
        },
        {
            "DOI": "10.1111/jcpp.12502",
            "URL": "https://onlinelibrary.wiley.com/doi/abs/10.1111/jcpp.12502",
            "author": [
                {
                    "family": "Crone",
                    "given": "Eveline A."
                },
                {
                    "dropping-particle": "van",
                    "family": "Duijvenvoorde",
                    "given": "Anna C. K."
                },
                {
                    "family": "Peper",
                    "given": "Jiska S."
                }
            ],
            "container-title": "Journal of Child Psychology and Psychiatry",
            "id": "crone2016",
            "issue": "3",
            "issued": {
                "date-parts": [
                    [
                        2016
                    ]
                ]
            },
            "language": "en",
            "note": "_eprint: https://onlinelibrary.wiley.com/doi/pdf/10.1111/jcpp.12502",
            "page": "353-368",
            "title": "Annual Research Review: Neural contributions to risk-taking in adolescence  developmental changes and individual differences",
            "title-short": "Annual Research Review",
            "type": "article-journal",
            "volume": "57"
        },
        {
            "DOI": "10.1146/annurev-devpsych-120920-023842",
            "URL": "https://www.annualreviews.org/content/journals/10.1146/annurev-devpsych-120920-023842",
            "author": [
                {
                    "family": "Crone",
                    "given": "Eveline A."
                },
                {
                    "family": "Green",
                    "given": "Kayla H."
                },
                {
                    "dropping-particle": "van de",
                    "family": "Groep",
                    "given": "Ilse H."
                },
                {
                    "dropping-particle": "van der",
                    "family": "Cruijsen",
                    "given": "Renske"
                }
            ],
            "container-title": "Annual Review of Developmental Psychology",
            "id": "crone2022",
            "issue": "Volume 4, 2022",
            "issued": {
                "date-parts": [
                    [
                        2022,
                        12,
                        9
                    ]
                ]
            },
            "language": "en",
            "note": "Publisher: Annual Reviews",
            "page": "273-295",
            "title": "A Neurocognitive Model of Self-Concept Development in Adolescence",
            "type": "article-journal",
            "volume": "4"
        },
        {
            "DOI": "10.1162/jocn_a_00594",
            "URL": "https://doi.org/10.1162/jocn_a_00594",
            "author": [
                {
                    "family": "Peters",
                    "given": "Sabine"
                },
                {
                    "family": "Braams",
                    "given": "Barbara R."
                },
                {
                    "family": "Raijmakers",
                    "given": "Maartje E. J."
                },
                {
                    "family": "Koolschijn",
                    "given": "P. Cédric M. P."
                },
                {
                    "family": "Crone",
                    "given": "Eveline A."
                }
            ],
            "container-title": "Journal of Cognitive Neuroscience",
            "id": "peters2014",
            "issue": "8",
            "issued": {
                "date-parts": [
                    [
                        2014,
                        2,
                        24
                    ]
                ]
            },
            "note": "Publisher: MIT Press",
            "page": "1705-1720",
            "title": "The neural coding of feedback learning across child and adolescent development",
            "type": "article-journal",
            "volume": "26"
        },
        {
            "author": [
                {
                    "family": "Brett",
                    "given": "Matthew"
                },
                {
                    "family": "Anton",
                    "given": "Jean-Luc"
                },
                {
                    "family": "Valabregue",
                    "given": "Romain"
                },
                {
                    "family": "Poline",
                    "given": "Jean-Baptiste"
                }
            ],
            "container-title": "8th international conference on functional mapping of the human brain",
            "id": "brett2002",
            "issue": "2",
            "issued": {
                "date-parts": [
                    [
                        2002,
                        6,
                        2
                    ]
                ]
            },
            "language": "en",
            "page": "497",
            "title": "Region of interest analysis using an SPM toolbox",
            "type": "article-journal",
            "volume": "16"
        },
        {
            "DOI": "10.1162/jocn_a_00233",
            "URL": "https://ieeexplore.ieee.org/abstract/document/6794558",
            "author": [
                {
                    "family": "Denny",
                    "given": "Bryan T."
                },
                {
                    "family": "Kober",
                    "given": "Hedy"
                },
                {
                    "family": "Wager",
                    "given": "Tor D."
                },
                {
                    "family": "Ochsner",
                    "given": "Kevin N."
                }
            ],
            "container-title": "Journal of Cognitive Neuroscience",
            "id": "denny2012",
            "issue": "8",
            "issued": {
                "date-parts": [
                    [
                        2012,
                        8
                    ]
                ]
            },
            "note": "Conference Name: Journal of Cognitive Neuroscience",
            "page": "1742-1752",
            "title": "A meta-analysis of functional neuroimaging studies of self- and other judgments reveals a spatial gradient for mentalizing in medial prefrontal cortex",
            "type": "article-journal",
            "volume": "24"
        },
        {
            "DOI": "10.3758/s13415-017-0557-1",
            "author": [
                {
                    "family": "Schreuders",
                    "given": "E."
                },
                {
                    "family": "Klapwijk",
                    "given": "E. T."
                },
                {
                    "family": "Will",
                    "given": "G. J."
                },
                {
                    "family": "Guroglu",
                    "given": "B."
                }
            ],
            "container-title": "Cogn Affect Behav Neurosci",
            "id": "schreuders2018",
            "issued": {
                "date-parts": [
                    [
                        2018,
                        1,
                        9
                    ]
                ]
            },
            "title": "Friend versus foe: Neural correlates of prosocial decisions for liked and disliked peers",
            "title-short": "Friend versus foe",
            "type": "article-journal"
        }
    ],
    "project_biblios": []
}