{"chunk_definitions":[{"row":16,"row_count":1,"visible":true,"expansion_state":0,"options":{"engine":"r","label":"setup","eval":false,"echo":false,"message":false,"warning":false,"include":false,"dev":"png"},"document_id":"E74D9D11","chunk_id":"csetup_chunk","chunk_label":"setup"},{"row":32,"row_count":1,"visible":true,"expansion_state":0,"options":{"engine":"r","label":"Figure 1a","eval":false,"echo":false,"message":false,"warning":false,"dev":"png"},"document_id":"E74D9D11","chunk_id":"cet38q4bq43ak","chunk_label":"Figure 1a"}],"doc_write_time":1718283184,"working_dir":null,"default_chunk_options":{}}